pro	Q9FDB3_m2	KGVAMPHAPLVNLMQWQIAQSVEDSRPRQRTLQFAALGFDVAFQEIFSTLCAGGELSLIHADTRLNFRRLFEHICEQRIERLYMPCIALQALAEAVVTEPEQPECLLQDVITAGEQLRITEpMRQFFARLNDARLHNHYGPTESHVVTAL
asn	Q9RAH2_m3	KGVQLPHRGLSNYLHWAKDYYAVAQGQGTPVQSSLSFDATITSLYLPLICGRTTILVREKQELQLLADIVKQNnHLSLVKITPSHLEILNQQIEPDTMPNRVNAFVLGGEALHANQIIPWLTHAPDTRLINEYGPTEAVVGCCV
ile	O68006_m1	KGVITPHYSVIRVVQNTNYIDITEDNVILQLSNYSFDGSVFDIFGALLNGASLVMIEKEALLNINRLGSAINEEKVSVMFITTALFNMIADIHVDCLSNLRKILFGGERASIPHVRKVLNHVGRDKLIHVYGPTESTVYATY
leu	Q09164_m3	KGVMVEHRGIVRLTKQTNITSKLPESFHMAHISNLAFDASVWEVFTTLLNGGTLVCIDYFTLLESTALEKVFFDQRVNVALLPPALLKQCLDNSPALVKTLSVLYIGGDRLDASDAAKARGLVQTQAFNAYGPTENTVMSTI
iva	Q8NJX1_m7	KGLVMEHRSVCTSLTAITKRLKIRPSARTLQFAAHVFDCAVGEIISSLFTGGCLFVPSDHDRMNALPEFIRQNKINYMWSTPSFIRTLSPMDVPSLELVVLVGEAVTRDIMDTWFGKVRLINGWGPAETCVVSTI
cys	P25464_m2	KGVMVEHHGVVNLCVSLCRLFGLRNTDDEVILSFSNYVFDHFVEQMTDALLNGQTLVVLNDEMRGDKERLYRYIETNRVTYLSGTPSVISMYEFDRFRDHLRRVDCVGEAFSEPVFDKIRETFPGLIINGYGPTEVSITTHK
ser	Q9S1A9_m1	KGVMNNHKGIRNRLLWMQDTYQLTKSDGILQKTPFSFDVSVWEFFWPLLAGATLVVAKPEGHKDSTYLIQLIQKQQITTLHFVPSMLRVFLQEPELKECSSLKRVFCSGEALSLDLTQRFFEHFDCELHNLYGPTEAAIDVTY
val	Q44928_m2	KGVMVEHRNVIRLVKNTNYVQVREDDRIIQTGAIGFDALTFEVFGSLLHGAELYPVTKDVLLDAEKLHKFLQANQITIMWLTSPLFNQLSQGTEEMFAGLRSLIVGGDALSPKHINNVKRKCPNLTMWNGYGPTENTTFSTC
aad	P27743_m1	KGVPKYHYSVVNSITDLSERYDMRRPGTERVALFASYVFEPHLRQTLIALINEQTLVIVPDDVRLDPDLFPEYIERHGVTYLNATGSVLQHFDLRRCASLKRLLLVGEELTASGLRQLREKFAGRVVNEYAFTEAAFVTAV
cys	Q9RFM7_m1	KGVMLSHAAVSNTLLDINQRYGVDANDRVLGLAELSFDLSVYDFFGATAAGAQVVLPDPARGSDPSHWAELLERHAITLWNSVPAQGQMLIDYLESEPQRHLPGPRCVLWSGDWIPVSLPTRWWRRWPDSALFSLGGATEAAIWSIE
cys	Q7BN95_m1	KGVMIDHRGAVNTILDINERFEIGPGDRVLALSSLSFDLSVYDVFGILAAGGTIVVPDASKLRDPAHWAELIEREKVTVWNSVPALMRMLVEHFEGRPDSLARSLRLSLLSGDWIPVGLPGELQAIRPGVSVISLGGATEASIWSIG
leu	Q8NJX1_m11	KGVVIQHRSLCTNMNAIAKRVRYHLDVRILQFSAYVFDFSILEIIMSLLQGACVCVPSEHIRMNGIVDFIRDMNINWLYLTPSFLRTINPIDVPNVELVFAGGEAIPRDVFETWVGRVRFINGWGPTETTVVGSI
cys	Q9FB17_m1	PVSHRAITTAALEIDRAFRVGPGDRLLALAPADSPLALYELFGPLLAGAALVLTRDIDLRDPGALHEALRTHGVTLWHSPPALLGLLLDHLADRGGKLPESLRLVLLGGERLDPALVRRVRESAPHQPAVAHLSSATPSGPWTTC
ile	O69247_m1	KGNLTTHANITRVVKETNYISLSEKDTLLSLSNYAFDGFTFDVYGALLNGAKLVVADQATILHIGKLTETIQKENITVMFVTTALFNLLVDAGTEWMKGIRKVLFGGERSSVSHVKKAFAAMGPDRIIHVYGPTETTVFATF
hyv-d	Q00869_m1	KGIMIEHRSFSSCAIKFGPALGITSDTRALQFGSHAFGACILEIMTTLIHGGCVCIPSDDDRMNNVLEFINRTNVQLGHATPSYMGTFQPEVVPGLKTLVLVGEQMSASVNEVWAPRVQLLNGYGQSESSSICCV
dhpg	Q70AZ8_m1	KGVAVAHGGVAALAGDPVWEVGAGDAVLMHAPHTFDASLYDVWVPLVSGARVMLAEPGVVDAQRLAAHVADGLTAVNFTAGQFRALAQESPESFAGLRDVLAGGDVVPLGAVERVRQACPGLRVWHTYGPTETTLCATW
aad	P07702_m1	KGVLGRHFSLAYYFNWMSKRFNLTENDKFTMLSGIAHDPIQRDMFTPLFLGAQLYVPTQDDIGTPGRLAEWMSKYGCTVTHLTPAMGQLLTAQATTPFPKLHHAFFVGDILTKRDCLRLQTLAENCRIVNMYGTTETQRAVSY
pro	Q9R9J0_m4	KGVQLEHKTMLNLLAYEREYTQLRFDRVLQFAAMSFDVCYQEIFSTILSGGTLYIIDNEAKREIRELNEFVKTHRIQTAFLPTAFLKLLASEKQYFEPFAECVDHIITAGEQLIMTNTLREMMMRHQVSLHNHYGPSETHVVTMC
ser	P29698_m1	KGVMVGQTAIVNRLLWMQNHYPLTGEDVVAQKTPCSFDVSVWEFFWPFIAGAKLVMAEPEAHRDPLAMQQFFAEYGVTTTHFVPSMLAAFVASLTPQTARQSCVTLKQVFCSGEALPADLCREWQQLTGAPLHNLYGPTEAAVDVSW
asp	Q04747_m2	KGVQIEHRNLTNYVSWFSEEAGLTKRRADGNDKTVLLSSYAFDLGYTCMFPVLLGGGELHIVQKETYTAPDEIAHYIKEHGITYIKLTPSLFHTIVNTASFAFDANFESLRLIVLGGEKIIPTDVIAFRKMYGHTEFINHYGPTEATIGAIA
ala	Q8VM67_m1	KGVQISHDNLLSFTNWMISDDEFSVPERPQMLAQPPYSFDLSVMYWAPTLAMGGTLFALPKTVVNDFKKLFATINELPVQVWTSTPSFADMALLSNDFNSETLPQLTHFYFDGEELTVKTAQKLRQRFPKARIVNAYGPTEATVALSA
aad	Q9C1G0_m1	KGIYKEHTSVVNSITDLSARYGVSGSDDEVILLFSAYVFEPFVRQMLMALTTGNTLAIINDEDKFDPDILLPFIRRHKVTYLNGTASVVQEYDLTTCPSLKRLVLVGENLTEARYKALRRRFKARILSEYGFTESAFVTAL
pro	Q9RAH1_m2	KGVALNQLALCNLILWQLQNNTISTGAKTLQFAPISFDVSFQEIFTTWFSGGTLFLITEELRRDTSALLGFLQQKAIERLFVPFVALQQLAEVAIGGELVNSHLREIITAGEQLQMTpAISQWLSKLNDCTLHNHYGPSESHVIITF
hpg	Q93N89_m1	KGVAVPHGSVAALVGESGWGLGPGDSVLFHAPHAFDISLFEVWVPLASGARVVIAEPGVAVDAAAVRRHIAAGVTHVHVTAGLFRVLAEEAPDCFTGAREVLTGGDVVPLEAVERVRAACPDVRVRHLYGPTESTLCATW
ser-thr	P71717_m1	KGVEVAHDAAMNTVETFIRHFELGAADRWLALATLECDMSVLDIFAALRSGGAIVVVDEAQRRDPDAWARLIDTYEVTALNFMPGWLDMLLEVGGGRLSSLRAVAVGGDWVRPDLARRLQVQAPSARFAGLGGATETAVHATI
hpg	Q939Z0_m1	KGVAVSHGNVAALAGEPGWRVGPGDAVLLHASHAFDISLFEMWVPLLSGARVVLAGPGAVDGAALAAYVAGGVTAAHLTAGAFRVLADESPEAVAGLREVLTGGDAVPLAAVERVRGRVRNVRVRHLYGPTEATLCATW
pip	O07944_m3	KAVVMPHAGLANLLTWHARRFPGGTGVRTAQFTAIGFDFSVQEILSPLVMGKTLAVPSEEVRHSAELLAGWLETQQINELFAPNLVIEALAEAAAEAGRTLPDLTDILQGGEALAPTERVRAFTAAVPGRRLHNVYGPAETHAVTTH
cys	P48633_m1	KGVVISHRGALNTCCDINTRYQVGPHDRVLALSALHFDLSVYDIFGVLRAGGALVMVMENQRRDPHAWCELIQRHQVTLWNSVPALFDMLLTWCEGFADATPENLRAVMLSGDWIGLDLPARYRAFRPQGQFIAMGGATEASIWSNA
tyr	Q939Y2_m1	KGVVVTHRGIPNLAADYVHRQNLLPDSRLLAFASPSFDAAVAEFWPIWLAGACLVLAPAPDLIPGEPLARLVRDRHITHVTLPPSALAPLEEAGGLPPGLTLLVAGEAGPAPVAKRWAAGRVMINAYGPTEATVAVTA
leu	Q08787_m1	KGNITTHANIQGLVKHVDYMAFSDQDTFLSVSNYAFDAFTFDFYASMLNAARLIIADEHTLLDTERLTDLILQENVNVMFATTALFNLLTDAGEDWMKGLRCILFGGERASVPHVRKALRIMGPGKLINCYGPTEGTVFATA
bht	Q8KLL5_m3	KGVQVTHAGLGNLAGAQIERFGVTSSSRVLQFASLGFDAAISELCMALLSGGTVVLADPDSMPPRVSLGDAVRRWRITHVTVPPSVLAVEEDLPDSLETLVVAGEACPPALVDRWSGDRRMINGYGPTETTVCVTM
leu	P27206_m3	KGVMVEHHALVNLCFWHHDAFSMTAEDRSAKYAGFGFDASIWEMFPTWSIGAELHVIEEAIRLDIVRLNDYFETNGVTITFLPTQLAEQFMELENTSLRVLLTGGDKLKRAVKKPYTLVNNYGPTENTVVATS
ser	Q9RAH4_m2	KGAMNTHLGICNRLLWMQQAYQLTALDCILQKTPFSFDVSVWEFFWPLITGARLVVAKPGGHKDSAYLVNLILEQQVTHVHFVPSMLQVFLEEQNLENCRSLKRVICSGEALPVELQERFFARLECELHNLYGPTEAAIDVTY
ala	Q01886_m3	KGVVMEHRAWSLGFTCHAEYMGFNSCTRILQFSSLMFDLSILEIWAVLYAGGCLFIPSDKERVNNLQDFTRINDINTVFLTPSIGKLLNPKDLPNISFAGFIGEPMTRSLIDAWTLPGRRLVNSYGPTEACVLVTA
ala	Q8P0J9_m1	KGVQISHDNLLSFTNWMIEDAAFDVPKQPQMLAQPPYSFDLSVMYWAPTLALGGTLFALPKELVADFKQLFTTIAQLPVGIWTSTPSFADMAMLSDDFCQAKMPALTHFYFDGEELTVSTARKLFERFPSAKIINAYGPTEATVALSA
thr	P39846_m2	KGVIVEHRNVISLLKHQNLPFEFNHEDVWTLFHSYCFDFSVWEMFGALLNGSTLVVVSKETARDPQAFRLLLKKERVTVLNQTPTAFYGLMLEDQNHTDHLNIRYVIFGGEALQPGLLQSWNEKYPHTDLINMYGITETTVHVTF
cys	P27742_m2	KGVMVEHHGVVNLQISLSKTFGLRDTDDEVILSFSNYVFDHFVEQMTDAILNGQTLVMLNDAMRSDKERLYQYIETNRVTYLSGTPSVISMYEFSRFKDHLRRVDCVGEAFSQPVFDQIRDTFQGLIINGYGPTEISITTHK
ala	Q9FB26_m1	KAVALQHDSAAAFLRWAGRAFDGGELAAVLATTSAGFDLSVFELFAPLAHGGTVVLADSALHVPALPWAPAATLLNTVPSAAAALLDADGLPDGLTAVNLAGEPLTAELVARLHARLPKAAVRNLYGPSEATTYATA
lys	O05819_m1	KGVIGTHRALSAYADDHIERVLRPAAQRLGRPLRIAHAWSFTFDAAWQPLVALLDGHAVHIVDDHRQRDAGALVEAIDRFGLDMIDTTPSMFAQLHNAGLLDRAPLAVLALGGEALGAATWRMIQQNCARTAMTAFNCYGPTETTVEAVV
THR	Q9FB24_m1	KGVLVTHANVTGLLAACREALPALDAPRTWSATHSPAFDFSVWEVWGPLTAGGRLVLVPPDVARAPDELWDTLRDEQVEVLSQTPSAFHHLLPTAVRRAAQATALELVVLGGEACEPARLTPWWDALGDRRPAVVNMYGITENTIHVTV
asn	Q9Z4X5_m3	KGVLVEHQPVLNYLAVSAELYPGVAGNALLHSPLSFDLTVTGLFAPLLNGGCVHLADLEELHARALDGEVPDLpQTTFLKATPSHLPLITGLPGVCVPDGELVLGGESLTGRAVRTLLAAHPGARVLNEYGPTETIVGCTT
glu	P39845_m1	KGVAVEHRQAVSFLTGMQHQFPLSEDDIVMVKTSFSFDASVWQLFWWSLSGASAYLLPPGWEKDSALIVQAIHQENVTTAHFIPAMLNSFLDQAEIERLSDRTSLKRVFAGGEPLAPRTAARFASVLPQVSLIHGYGPTEATVDAAF
thr	Q51338_m1	KGTLLTHRNALRLFSATEAWFGFDERDVWTLFHSYAFDFSVWEIFGALLYGGCLVIVPQWVSRSPEDFYRLLCREGVTVLNQTPSAFKQLMAVACSADMATQQPALRYVIFGGEALDLQSLRPWFQRFGDRQPQLVNMYGITETTVHVTY
hpg	Q93N88_m1	KGVAVPHASVAALVGEPGWGVGPGDAVLFHAPHAFDISLFEVWVPLASGGRIVVAEPSMAVDGAAVRRHIADGVTHVHVTAGLFRVLAEEASDCFDGVHEVLTGGDVVPLEAVERVRAACPDVRVRHLYGPTEVSLCATW
leu	O66069_m3	KGVMVEHRSLVNLCYWHNDAFKVTEQDKSAKYAGFGFDASVWEMFPYWIAGAELHIIDEAIRMDITRLNQYFEENKITITFLPTQLCEQFMELDNQSLRVLLTGGDKLKRIAKRSYTLVNNYGPTENTVVATS
thr	Q9FDB0_m1	KCVVVNNQATSNVIGQTGQAWHLTSEDVVMSVTPLHHDMSVFDLFATLSFGATLVLPAGHEEKDALQWNRLIERHQVTIWVSVPAILEMLLSCTQAGQLHSLRLIAQGGDYIKPATIAQLRAGSNPPRLISLGGPTETTIWSIW
pro	O05647_m1	KAVVMPGAAVVNLLAWHRREIPAGAGTTVAQFASLSFDVAAQEILSTLLYGATLAVPTDAVRRDADAFAAWLEEYRVNELYAPNLVVEALAEAAAEQGRTLPDLRHIAQAGEALTAGPRVRDFCAALPGRRLHNHYGPAETHVMTGI
thr	Q81QP7_m2	KGVMIPHQNVVRLLGATDHWFQFDADDVWTMFHSYAFDFSVWEIWGPLLYGGRLVVVPHTVSRSPKEFLQLLVKEKVTVLNQTPSAFYQLMQADRENEEIGQKLSLRYVVFGGEALELSRLEDWYSRHPHNAPKLINMYGITETTVHVSY
sal	P71716_m1	KLIPRTHDDYVFNATASAALCRLSADDVYLVVLAaGHNFPLACPGLLGAMTVGATAVFAPDPSPEAAFAAIERHGVTVTALVPALAKLWAQSCEWEPVTPKSLRLLQVGGSKLEPEDARRVRTALTPGLQQVFGMAEGLLNFTR
ser	Q884E3_m2	KGAGNSHRALVNRLHWMQKAYALDGSDTVLQKTPFSFDVSVWEFFWPLLTGARLAVALPGDHRDPERLVQTIQEHQIRTLHFVPSMLQAFLTHPQVESCNSLRRVVCSGEALPAELAGQVLKRLPQASLYNLYGPTEAAIDVTH
asp	Q84BQ4_m5	KGVMIEHRSACNMVHWGSQISPPTEHGALLQKAPFSFDSSVWEIFWPLCSGMRLVLARPNGNRDSAYVVQTIREQQVTVVKFVPALLQQFIEQDGVEQCTSLTDVLNGGGELSAVLARQVRDRLPWVRLHNVYGPTETTVDSTG
LEU	Q9RAH2_m1	KGVLIAHQGLLNLVFWHQRTFKITTLDKATQLAGTAFDAAVWELWPYLTAGASIYLVKPEILLSPVDLQDWLESKKITISFLPTPMAEQLLSLEWPESTTLRTMLTGGDKLHRYPSGLLPFQVVNNYGPTENTVVSTS
CYS	Q8GAQ3_m2	KGVMIDHRGAVNTIQDINQRFDVQPTDRMLAVSALNFDLSVYDIFGLLAAGGTLVMPTPEAAKDPVHWVELMTTHQVTLWNTVPALMQMLVEYLSEHPDQVTEDLRLALLSGDWIPLNLPTQIQSLWPQGQVVSLGGATEASIWSVY
val	O66070_m1	KGVMVEHRNIVRLVKNAGCIPLKSGVKMAQTGAVSFDASTFEVFGALLNGGTLYPVPKETLLDGKRFNMFLKETGITTMWLTSPLFNQLAQQDPGMFATLNDLIIGGDALVPGIVNRVKRESPELSLWNGYGPTENTTFSTC
val	Q9FDB3_m4	KGVLVPHRAISRLVIDNGYADFNGQDRVAFASNPAFDASTLDVWAPLLNGGCVIVVEQSVLLSQEAFRALLLAQSISVLWLTAGLFHQYADGLMEVFAGLRYLIVGGDVLDPAVIARVLAQGAPQHLLNGYGPTEATTFSTT
pip	Q54298_m1	KAVLMPGICVVNLLLWQERTMGREPASRTAQFITATFDYSVQEIFSALLGGTLVIPPDDIRLDPARLAQWIDDSRITRIYAPTTVLRALVEHVDPHGHGLVDIASPLPGGESLVLDGKLRECALHRPHLRVHNHYGPAESQLVTGY
val	O30981_m2	KGVMIEQRSVIRLVKNSNYIEFTPEDRLLLTSSLGFDVVTFEILGPLLNGAALHLTDKETFLDSHQLKRYIEQNGITTMWLTASLFNHLTEQNEKIFSRLINLIIGGEALSASHVNRIKQACPELSIWNGYGPTENTTFSTC
val	P26046_m3	KGVLVEQKAVLLLRDALRERYFGRDCTKHHGVLFLSNYVFDFSVEQLVLSVLSGHKLIVPPAEFVADDEFYRMASTHGLSYLSGTPSLLQKIDLARLDHLQVVTAAGEELHATQYEKMRRRFNGPIYNAYGVTETTVYNII
val	O69246_m1	KGVMVEHRNIVRLVKNAGCIPLKSGVKMAQTGAVSFDASTFEVFGALLNGGTLYPVPKETLLDGKRFNMFLKETGITTMWLTSPLFNQIAQQDPGMFATLNDLIIGGDALVPGIVNRVKRESPELSLWNGYGPTENTTFSTC
leu	Q9RNB0_m1	KGVLISHRGLMNLICWHQDAFEITPLDKITQLARIAFDAAVWELWPCLTAGASLVLVKPEIMQSPPDLRDWLIAQEITVSFLPTPLVEKILSLEWDENIALRIILTGGDKLHHYPSGLMPFKLINNYGPTENSVVTTS
asp	O66070_m2	KGVQLEHRNLANYVSWFINEAHLSSSDKTMLLSSYAFDLGYTSFFPVLLAGGELHIVPKETYTEPEAFTHYIGEQGITYMKLTPSLFHTVVQPQSFALAKGLQSLRLIVLGGEKINPKDVERFHSRYPDTRFINHYGPTETTIGAIA
pro	O30980_m1	KGVQFEHRNMANLLQFEFTRSGIDFENDVLQFATPAFDVCYQEIFSTLLGGGTLHIVPEAIKRDVPQLFAFIKEHQTTISVSPTAFIKMIFSEQEFANAFPHDVKHLITAGEQLIVSSLLQDVLRQRSMYLHNHYGPSETHVVSAY
pro	Q8NJX1_m13	KGMVIQHNSLCSSGNAYGCDLEIGPGTRIFQFSAYTFDVGVLDCLVSLMRGATICIPSDHARLNDLAGAMNVTKANWVFLTPTVADLLSPADVPYLKTLCLGGEAISKKCADRWVNCTNLHGLYGPAEASICAWN
hpg	Q7WZ74_m2	KGVAVPHGSAAALAGDPGWSQGAGDRVLMHASHAFDASLLEIWVPLVSGACVMVAEPGAIDAQRLRDVIARGATTVHLTAGTFRVLAEESPDSFSGLREVLTGGDVVPLESVARVRRACPEVRVRELYGPTEVTLCATW
dab	O85168_m4	KGVMIEHRGLVNYSVDAARLFDLSQSDTVLQQNTLNFDLSVEEIFPALLAGATLAPSREIFgsEgTETHGIQPTVLHLTTAHWHTLVAEWHNQPQAAEQRLQHVRLINVTGDALSAQKLKLWDEVRPAHTLLINTYGPTEATVSCTA
thr	Q9Z4X6_m2	KGVAVPHGNVVRLFSATAPWFGFDEHDVWTLFHSYAFDFSVWELWGPLLHGGRLVVVPHDVTRDPAAFLALLARERVTVLNQTPSAFHQLAAADRENPTELALRTVVFGGEALDLSRLADWYERHAEDAPALVNMYGITETTVHVSH
asp	Q45675_m2	KGVQIEHRNLTNYVSWFSEEAGLTENDKTVLLSSYAFDLGYTSMFPVLLGGGELHIVQKETYTAPDEIAHYIKEHGITYIKLTPSLFHTIVNTASFAKDANFESLRLIVLGGEKIIPTDVIAFRKMYGHTEFINHYGPTEATIGAIA
dht	Q83VS0_m4	KGVMVEHRNVARLFSATQDWFGFGEQDVWALFHSFAFDFSVWEIWGALLHGGRLLIVPQLVSRSPQDFHDLLCSAGVTVLNQTPSAFRQLIAAQGENEQAHSLRQVIFGGEALETAMLKPWYARNVNAGTQLVNMYGITETTVHVTY
dab	O85168_m3	KGVMIEHRGLVNYSVDAARLFDLSPTDTVLQQNTLNFDLSVEEIFPALLAGATLTPSREIFgsEgTENHGINPTVLHLTAAHWHTLVAEWHKQPQVAEQRLQHVRLINVTGDALSAQKLKLWDEVRPAHTRLINTYGPTEATVSCTA
dhb	P40871_m1	KLIPRTHDDYIYSLKRSVEVCWLDHSTVYLAALPmAHNYPLSSPGVLGVLYAGGRVVLSPSPSPDDAFPLIEREKVTITALVPPLAMVWMDAASSRRDDLSSLQVLQVGGAKFSAEAARRVKAVFGCTLQQVFGMAEGLVNYTR
tyr	O30409_m3	KGVMVEHRGIVNNVLWKKAEYQMKVGDRSLLSLSFAFDAFVLSFFTPVLSGATVVLAEDEEAKDPVSLKKLIAASRCTLMTGVPSLFQAILECSTPADIRPLQTVTLGGEKITAQLVEKCKQLNPDLVIVNEYGPTESSVVATW
pro	Q01886_m1	KCIVVTHSQICTAVQAYKDRFGVTSETRVLQFSSYTFDISIADTFTALFYGGTLCIPSEEDRMSNLQDYMVSVRPNWAVLTPTVSRFLDPGVVKDFISTLIFTGEASREADTVPWIEAGVNLYNVYGPAENTLITTA
GLU	O87606_m1	KGVAVEHLQAVSFLTGMQMQFPLEEDDIIMMKTSFSFDASVWQLFWWTLSGASAYLLPSGWEKDPALMVKAIREEGVTTAHFIPAMLNSFLDQAEIEAPRSLKRVFAGGEPLAPHTAARFASLLPETSLVHGYGPTEATVDAAF
asn	O68008_m5	KGVMIRQRGLVNYITWADRVYVQGEQLDFALYSSIAFDLTVTSIFTPLISGNRVIVYRHSEDGEPLIRKVFRDQKAGIVKLTPSHLSLVKDMDASGSSIKRLIVGGEDLKTELAKEITERFHHNIEIYNEYGPTETVVGCMI
ala	P68878_m1	KGVQIEYASLVQFTEWMLELNKSGNEQQWLNQAPFSFDLSVMAIYPCLASGGTLNLVDKNMINKPKLLNEMLTATPINIWVSTPSFMEMCLLLPTLNEEQYGSLNEFFFCGEILPHRAAKALVNRFPSATIYNTYGPTEATVAVTS
ala	Q50857_m1	KGVAISHRSAATFVQWAGETFSKEELTGVLAATSICFDLSVFELFVPLSYGGRVILADTALHLLELPAASEVTLINTVPSAITELLNASGIPSSVRTINLAGEALTSDLVARLYAETPAARVVNLYGPSETTTYSTY
thr	P45745_m2	KGVMIPHQNVTRLFAATEHWFRFSSGDIWTMFHSYAFDFSVWEIWGPLLHGGRLVIVPHHVSRSPEAFLRLLVKEGVTVLNQTPSAFYQFMQAEREQPDLGQALSLRYVIFGGEALELSRLEDWYNRHPENRPQLINMYGITETTVHVSY
ala	Q83VS1_m5	KGVMIEHRNTVNFLTWAHHAFNGSALEKTLFSTSLNFDLAVYECFAPLTSGGSINVVKNVLELQHGEHDIGLVNTVPSALKALLEINGLPESVHTVNVAGEALKRSLVENLFEKTGVQRLCNLYGPSETTTYSSW
ser	Q8FK25_m1	KGVMVGQQAIVNRLLWMQNHYPLTGEDVVAQKTPCSFDVSVWEFFWPFIAGAKLVMAEPEAHRDPLAMQHFFADYGVTTTHFVPSMLAAFVASLTPQTARQSCATLKQVFCSGEALPADLCREWQQLTGAPLHNLYGPTEAAVDVSW
asn	Q93I55_m2	KGVLIEHGGLTNYIWWAKEVYVKGEKANFPLYSSISFDLTVTSIFTPLVTGNAIIVYDGEDKTALLESIVRDPRVDIIKLTPAHLQVLKEMNIADQMAVRRMIVGGENLSTRLARSIHEQFEGRIEICNEYGPTETVVGCMI
asp	O68008_m4	KGVFVRHGNVVNYTTWFMKEAGLTENDKAMLVSSYAFDLGYTSIFSALLSGSELHIARKECYTNAHRALKYIKENGITYIKLTPSLFNIFVNDPGFSAEKPCATLRLVVLGGEMINTRDVETFYNQYPDHVVMNHYGPTETTIGSVF
TCL	Q8GAQ5_m1	KGVMLSHRNILSESAGTIQMNHFDSEAVTLNWMPlDHVGGIIMLNVMAVELGCQQVHAPTKYILQNPLHWLALIERHQATISWGPNFAYSLINDLVQDAEAGSWDLSSISFLVNGGEQISPKVARRFLKLMKRqgLAETVLRPAFGMSETSGGITW
hpg	Q7WZ66_m1	KGVAVPHRSVAELTGNPGWGVEPGEAVLMHAPYTFDASLFEIWVPLVSGARVVIAAPGAVDARRLREAVAAGVTRVHLTAGSFRAVAEESPESFAHFREVLTGGDVVPAYAVQKVRAACPHVRIRHLYGPTETTLCATW
orn	O87314_m3	KGVVTPHRGLTNMHLNHREAIFAPTIARAHGRRLKIAHTVSFSFDMSWEELLWLIQGHEVHICDEVLRRDATSLVRYCHDHRIDVINVTPTYAALLFEEGLLEQAGHPPVLVLLGGEAVSTTVWNRLRDSERWYGYNLYGPTEYTINTLG
orn	O30409_m5	KGVVIEHRSYANVAFAWKDEYHLDSFPVRLLQMASFAFDVSTGDFARALLTGGQLVICPNGVKMDPASLYETIRRHEITIFEATPALIMPLMHYVYENELDMSQMKLLILGADSCPAEDFKTLLARFGQKMRIINSYGVTEACIDTSY
hpg	Q70AZ7_m1	KGVAVSHGDVAALVGDPGWRTGPGDTVLMHASHAFDISLFEIWVPLLSGARVMIAGPGAVDGAALAAQVAAGVTAAHLTAGAFRVLAEESPESVAGLREVLTGGDAVPLAAVERVRRACPDVRVRHLYGPTETTLCATW
dhb	Q56950_m1	KLIPRRHADYSYNFSASAELCGISQQSVYLAVLPvAHNFPLACPGILGTLACGGKVVLTDSASCDEVMPLIAQERVTHVALVPALAQLWVQAREWEDSDLSSLRVIQAGGARLDPTLAEQVIATFDCTLQQVFGMAEGLLCFTR
orn	O68007_m2	KGVMVEHRNIIHAHYTWRKHYELASFSVNLLQLASMSFDVFAGDLCRSLLNGGTMYIVPDDVKLEMNLLYDMINKYGIHMLESTPSLIIPLMKYIDHHKLDFSSMKLLIMGSDTCTIKDYKWLVERFGQRMRIINSYGVTEASVDSGY
lys-b	O33743_m1	KGVVVPHRAPAAVVPLLRDLYGIGPEETVLHFHGAGGDTSLEEILPALTGGATLVIDDAAPEGFARVAEEQQVSVAILPTGFWSSLTGDLLHQGARLPESLRTVVIGGEAVRADMLERWRRLPGTDGVRLLNTYGSTETALVTHA
gly	Q9L8H4_m2	KGVVVPHSALVNFVTAMRRQAPLRPQERLLAVTTVAFDIAALELYHPLLSGAAVVLAPKEAVPQPSAVLDLIARHGVTTVQGTPSLWQLLVGHDAEALRGLRMLVGGEALPLSLAEALRALTDDLVNLYGPTETTIWSTA
bmt	Q09164_m5	KGVMVEHRSVTRLAKPSNVISKLPQGARVAHLANIAFDASIWEIATTLLNGATLVCLDYHTVLDCRTLKEVFERESITVVTLMPALLKQCVAEIPETLAHLDLLYTGGDRVGGHDAMRARSLVKIGMFSGYGPTENTVISTI
lys	Q7TYQ8_m1	KGVIGTHRALSAYADDHIERVLRPAAQRLGRPLRIAHAWSFTFDAAWQPLVALLDGHAVHIVDDHRQRDAGALVEAIDRFGLDMIDTTPSMFAQLHNAGLLDRAPLAVLALGGEALGAATWRMIQQNCARTAMTAFNCYGPTETTVEAVV
hpg	Q93N87_m2	KGVAVPHGSVAALVGETGWGLGPGDSVLFHAPHAFDISLFEVWVPLASGARVVIAEPGVAVDAAAVRRHIAAGVTHVHVTAGLFRVLADEEPECFNGAHEVLTGGDVVPLEAVARVRAACPEVRVRHLYGPTEVSLCATW
bht	Q939Z0_m3	KGVLVTHSGLANLGYAHIERMAVTSSSRVLQLSATGFDAIVSELYMALLAGATLVLPDAASMPPRVTLGEAIRRAGITHLTVSPSVLASEDDLPDTLRTVLTGGEALPPALVDRWSPGRRVIQAYGPTETTICSTM
ser	Q9FB23_m1	KGVLVPHRAIVNRLLWMQETYRLRPGERVLHKTPVTFDVSMWELLWPLTAGATVVMARPGTHRDPARLVRRIAREAVTTVHFVPSMLTPFLTELARGTTRLPALRRVVCSGEELPAAAVNRAAGLLDARLYNLYGPTEAAVDVTA
gln	O66069_m1	KGVMIEHRQVHHLVRGLQQAVGAYDQDDLKLALLAPFHFDASVQQIFTSLLLGQTLYIVPKKTVSDGRALSDYYRRHQIDVTDGTPAHLQLLSAADDLSGVKLRHMLVGGEALSRVATERLLQLFAEtaESVPDVTNVYGPTETCVDASS
asp	O85168_m8	KGVMVEHRSVFNFWNVLTRTTHQHCPTPATVALNAGFFFDMSIKGISQLFSGHKLVIIPQLLRANGSELLDFLEAHQVHAFDSTPSQLDTLLSAGLLERSSYQPVSVLLGGEAINASTWEKLRNCPTIRLYNMYGPTECTVDATI
asn	Q9FB27_m1	GVRVPHRGLTNYLTWCTGAYGLDGGTGTLVHTSISFDLTLTTLFGPLLAGGQVVMLSETAGVTGLIAALRSRRDLTLVKLTPTHLDVVNQLLTPDELRGAVRTLVVGGEAVRAESLEPFRASGTRVVNEYGPSETVVGSVA
arg	O85168_m5	KGVMVEHRGLFAVSAAWEQLYALHAPLNHLQMAGFFDVFSADLIRSLAFGGTLVLCPRETLMDPPALYRLLSEESIGFADFVLAVLNALLGWVEETGHDLSFMRTVVCGSDIWTAHSARQLRKLCGDHVQVVQAYGVTEASIDSTC
ala	Q9X2N4_m1	KGVQIRYESLNEFTNWMVDLNKIGENQQWLNQAPFSFDLSVMAIYPCLATAGTLNLVDKTMINKPKLLNDMLEQSKINVWVSTPSFMEMCLMLPNLAETHYESLKEFFFCGEILPHKTAKMLLQRFPSAYIYNTYGPTEATVAVTS
asn	Q93I54_m1	KGVAIEHQGLTNYIWWARRVYVKGEKTNFPLYSSIAFDLTITSVFTPLITGNAIIVYGGENSTALLDSIIQDSRADIIKLTPAHLQLLKEINIPAECTIRKFIVGGDNLSTRLARSISGKFGGKIEIFNEYGPTETVVGCMI
thr	Q9I182_m1	KGTLLTHRNALRLFSATEAWFGFDERDVWTLFHSYAFDFSVWEIFGALLYGGCLVIVPQWVSRSPEDFYRLLCREGVTVLNQTPSAFKQLMAVACSADMATQQPALRYVIFGGEALDLQSLRPWFQRFGDRQPQLVNMYGITETTVHVTY
ser	O85168_m1	KGVMNEHLGVVNRLLWARDAYQVNSQDRVLQKTPCGFDLSVWEFFLPLLTGAELVMAPPGGHQDPDYLAQVMSDAGITLLHFVPSMLDVFLEHRSTRDFPQLRRVLCSGEALPRALQRRFEQQLKGVELHNLYGPTEAAIDVTA
pro	Q44928_m1	KGVMLEHKNIVNLLHFTFEKTNINFSDKVLQYTTCSFDVCYQEIFSTLLSGGQLYLIRKETQRDVEQLFDLVKRENIEVLSFPVAFLKFIFNEREFINRFPTCVKHIITAGEQLVVNNEFKRYLHEHNVHLHNHYGPSETHVVTTY
bht	Q939Z1_m2	KGVVVTHAGLGNLALAHIDRFGVSPSSRVLQFAALGFDTIVSEVMMALLSGATLVVPPERDLPPRASFTDALERWDITHVKAPPSVLGTADVLPSTVETVVAAGELCPPGLVDRLSADRRMINAYGPTETTICATM
val	Q83VS0_m1	KGVLVPHRAVSRLVLNNGYADFNAGDRVAFASNPAFDASTLDVWAPLLNGGCVVVVEQSVLLSLDEFRALLLSQSVSVLWMTAGLFHQYASGLMEALARLRYLIVGGDVLDPAVIARVLAEGAPQHLLNGYGPTEATTFSTT
asn	Q93I56_m1	KGVLIEHQGLADYIWWAKEVYVRGEKTNFPLYSSISFDLTVTSIFTPLVTGNTIIVFDGEDKSAVLSEIMRDSRIDMIKLTPAHLHVIKEMNIAGDTAIRKMIVGGENLSTRLAKSVSEQFKGRLDIFNEYGPTEAVVGCMI
dht	Q83VS1_m4	KGVMVEHRNVARLFSATEDWFGFNEQDVWALFHSFAFDFSVWEIWGALLHGGRLLIVPQLVSRSPEDFYTLLCSTAVTVLNQTPSAFRQLITAQGENQQAHSLRQVIFGGEALETAMLKPWYARNVNAATQLVNMYGITETTVHVTY
dab	Q83VS0_m10	KGVMIEHRGLVNYSVDAARLFGLSQSDTVLQQNTLNFDLSVEEIFPALLAGATLAPSREIFGSEGTENHGIypTVLHLTAAHWHTLVAEWHNQPQAAEQRLAEVRLINVTGDALSAQKLKLWDEVRPAHTRLINTYGPTEATVSCTA
thr	Q884E5_m2	KGTLLAHHNLMRLFAATDDWFKFNEKDVWTLFHSFAFDFSVWEIFGALLHGGRLVIVPcEVTRSPEEFHALLVDQQVTVLNQTPSAFKQLMRVACDSTSVLSLETIIFGGEALDVASLKPWFARFGDQTPRLINMYGITETTVHVTY
ile	Q84BQ4_m3	KGVMVPHRGIARLVLNNGYADFNRQDRVAFASNPAFDASTMDIWGPLLNGGRVVVIDHQTLLDPNAFGRELSASGATILFVTTALFNQYVQLIPQALKGLRMVLCGGERGDPTSFRRLRAEAPQLRIVHCYGPTETTTYATT
cys	Q8CZT9_m1	KAVVVTHQAAMNTIDEINRRYVDDGKIILFALsALNFDLSVYDIFGPLSVGGSLVLPNAGDEKEAKQWLSALHQHQVTHWNSVPALFEMLLIAAEQGTQALPRSLQQVLLSGDWIGLDLLPRLRALGSQARFTTLGGATEAAIWSNA
dhpg	Q8KLL4_m1	KGVAVAHGGVAALAGDPGWGVGAGDTVLMHAPHTFDASLYDLWVPLVSGARVLLAEPGVVDAERLAAHVAEGLTSVNFTAGQFRALVQESPESFSGLRDVLAGGDVVPLGEVERVRRACPELVVWHTYGPTETTLCATW
thr	Q9RK14_m2	KGVVVPHSSVVTLLANTRPVMNFGPDDVWVQFHSFSFDFAVWELWGALTHGGELLVPDYGLTRSPVDFHRLVRERGVTVLNQTPSAFHRFAEADRHAGEPLPALRRIIFGGEGLDLARLRDWVARHGTESPELVNMYGITETTVHVTH
abu	Q09164_m6	KGVMIEHRGIVRLVRDTNVNVFPESGSALPVSHFSNLAWDAATWEIYTAVLNGGTVVCIDRDTMLDIAALNSTFRKENVRAAFFTPAFLKQCLAETPELVANLEILHTAGDRLDPGDANLAGKTAKGGIFNVLGHTENTAYSTF
aad	P19787_m1	KGIFKQHTNVVNSITDLSARYGVAGQHHEAILLFSACVFEPFVRQTLMALVNGHLLAVINDVEKYDADTLLPFIRRHSITYLNGTASVLQEYDFSDCPSLNRIILVGENLTEARYLALRQRFKNRILNEYGFTESAFVTAL
vol	Q8NJX1_m18	KGVIIDHKGVATVLLRQREDFSINGDSRMLQFSNYVFDACIIEIFTTLIAGATVCVPTEHQRVHNTAAFIREARINHAILTPTFTKTLSPEQIPGMKAIILVGEAPTKEIIDIWVDKVELHNGYGPAEACVTSTN
phe	O94205_m2	KIVMTDHQAFMTNASPLMNGLGITSDSRVFQFCGYSFDLLIVEHFLTLLAGGCICIPSLHNRNNRFAASIVELEANWVGSPSSVLQLLDPQTVPTVKTIMQAGERLQQGLVDRWASHVRLINAYGPAECSVGALA
val	P94873_m3	KAVLVRHRNVLSFSAGLAQRYFGDAGAARQAILFLSSYVFDFSVEQLALSILSGNALLIPESSLLFDDAFYQRMNQERLSYISGTPTQLQLFDLARLDHLHAVLVAGEAFRAHHFDKIRAEYRGPLYNAYGTTETTVYNLV
ser	P11454_m1	KGVMVGQTAIVNRLLWMQNHYPLTGEDVVAQKTPCSFDVSVWEFFWPFIAGAKLVMAEPEAHRDPLAMQQFFAEYGVTTTHFVPSMLAAFVASLTPQTARQSCATLKQVFCSGEALPADLCREWQQLTGAPLHNLYGPTEAAVDVSW
thr	O87314_m2	KGVEVTHRNVAALFAGTTSGLYDFGPDDVWTMFHSAAFDFSVWELWGPLLHGGRLVVVEHDVARDPERFVDLLARERVTVLNQTPSAFYPLLEADARLRRQLALRYVIFGGEALDVRRLAPWYANHESHSPRLVNMYGITETCVHVSH
val	P19787_m3	KGVLVEQKAVLLLRDALRERYFGRDCTKHHGVLFLSNYVFDFSVEQLVLSVLSGHKLIVPPAEFVADDEFYRMASTHGLSYLSGTPSLLQKIDLARLDHLQVVTAAGEELHATQYEKMRRRFNGPIYNAYGVTETTVYNII
trp	Q93N89_m2	KGAAVTWGGLRNLVADRIERYGIGTDTRLVQLVSPSFDVSMADIWPTLCAGGRLVLAPPGGHTTGDELGDLLADHRITHAVMPAVQLTHLPDRELPALRVLVSGGDALPADTRRRWVARCDLHNEYGVTEATVVSTV
thr	O68487_m1	KGVVNTHRNVVRLFDATRPWFDFGPDDVWTLFHSYAFDFSVWELWGALLHGGRLVVVPYDVSRSPHAFLDLLADQGVTVLNQTPSAFHQLAQAAADPGRPPRRLALRTVVFGGEALQPARLAEWYRRHPEDTPQLVNMYGITETTVHVTH
asp	Q884E3_m1	KGVVISHGALANYVQGVLARLSLNDGASMAMVSTVAADLGHTLLFGALASGRPLHLLSHEQAFDPDGFARYMAEHQVEVLKIVPSHLQGLLQAAHPADVLPSQLLMLGGEASSWALIEQVRALKPGCRIVNHYGPTETTVGILT
dhb	Q8ZR32_m1	KLIPRTHNDYYYSVRRSNEICGFNEDTRFLCAIPaAHNYAMSSPGALGVFLAKGTVVLATDPSATLCFPLIEKHQINATALVPPAVSLWLQAIQEWGGNAPLASLRLLQVGGARLSATLAARIPAEIGCQLQQVFGMAEGLVNYTR
tyr	Q8KLL3_m2	KGVVVTHAGLGNLAAAQIDRFAVSPSSRVLQFAALGFDATVSEALMALLSGATLVMAPKQDLPPRVSLAEALERWDVTHVTVPPSVLATADVLPESLETVVVAGEACPPGLADRWSEGRRLINAYGPTEATVCAAM
thr	O87704_m2	KGVVVEHRNVISLLKHQDLPFDFGSEDVWTLFHSYCFDFSVWEMFGALLNGSTLVVVSRETARDPNAFRLLLKNEGVTVLNQTPTAFYGLIHEEENHTDRLHVRYVIFGGEALQPGMLVTWNEKYPDTDLINMYGITETTVHVTY
pip	Q9KID8_m1	KAVLMPGVSAVNLLLWQERTMGREPASRTVQFVTPTFDYSVQEIFSALLGGTLVIPPDEVRFDPPGLARWMDEQAITRIYAPTAVLRALIEHVDPHSDQLAALRHLCQGGEALILDARLRELCRHRPHLRVHNHYGPAESQLITGY
leu	Q45295_m2	KGNMVSHRNILRTVKNTNYLDVMTSDIVLSISNYVFDAFMFDVFGSLLNGAKLVIAPKDTILDMSRLAHVLEKEKVTVLMITTALFNLLTDMRPDSLKGLRRVLFGGERASVDHVRRALNTVGKGRLLHMYGPSESTVFTTY
aad	P40976_m1	KGVKGRHFSLAYYFDWMAQEFNLSESDRFTMLSGIAHDPIQRDIFTPLFLGASLIVPTAEDIGTPGQLAQWANKYKVTVTHLTPAMGQLLAAQADEPIPSLHHAFFVGDILTKRDCLRLQVLANNVNVVNMYGTTETQRSVSY
pro	Q9RAH4_m3	KGIAMNQLALSNLILWHRENLKIPRGAKTLQFASINFDVSFQEIFTTWCSGGTLFLIGEELRRDTSALLGFLQQKAIERMFLPFVALQQLAEVAIGGELVNSHLREIITAGEQLQiTPAISQWLSKLTDCTLHNHYGPSESHLATSF
phe	O68008_m2	KGVLIEQKGLSNLVSAVVKLMHLNTGSRVIQFASLSFDASAFEIFPALAAGSALVLGRQEEMMPGQPLTSFLRQYNITHATLPPTVLDVLNESGLENLKVIVSAGSACSEELAKRWSGNRLFINAYGPTETTVCATA
bht	Q70AZ7_m3	KGVLVTHAGLGNLASAQIERFGVTSSSRVLQFAALGFDAAISEVCMALLSGGSIVLADAEHMPPRVSLGDAVRRWDITHVTVPPSVLAVEDDLPDDLTLIVAGEACPPALVDRWSPGRRMINGYGPTETTVCATM
leu	Q8G982_m1	KGVMNLHQGICNNILRTKDSYPTTNRDRLLQISSLAFDASVLDIFWSLSSGMALIIPKPEGTKDLAYLIQLMIEKKVSQVFFVPSLLRLLLQQPNLENCRYLKRVFCGGEALSSELMQQFFQHFNCELHNLYGPTETSVDATC
thr	Q9RLP6_m2	KGVAVTHRNVAQLLDTLGAQLELGQTWTQCHSLAFDYSVWEIWGPLLNGGRLLMVPDAVVRSPEDLHAMLVAEQVSMLSQTPSAFYALQTADALYPERGEQLKLQTVVFGGEALEPHRLSGWMHAHPGMPRMINMYGITETTVHASF
abu	Q54959_m2	KGVAITHGDVAALAADTCWRTGNQQRVLLHSPYSFDTSQYELWVPLLSGGTVVVAPPGDLDTRALERAIVDGGVTGMWLTSGLFNLLAEESPHCFTGVREVWTGGDVVSPAAVARVLAASPSTMVADGYGPTETTTFATH
gly	Q9Z4X5_m2	KGVVVPRGALDNFLADMGRRFTPGSGDRLLAVTTVGFDIAGLEIFLPLLHGAVLVLADEETARDPHALLHRVSASGITMVQATPSLWQGVAAVAGDELAGVRVLVGGEALPSELARALTDRARSVTNLYGPTEATIWATA
dhpg	Q7WZ75_m1	KGVGVPHGAVAGLAGDEGWRIGPGDAVLMHATHVFDPSLYAMWVPLAMGGRVVLTEPGVLDALGMRQAVERGVTFVHLTAGTFRALAESSPECFAGLVEVGTGGDVVPAQSVEHLRRAVPGLRVRNTYGPTETTLCATW
dhb	Q9FDB2_m1	KLIPRTHNDYAYSVTASVEICRFDQHTRYLCVLPaAHNFPLSSPGALGVFWAGGCVVLSQDASPQHAFKLIEQHKITVTALVPPLALLWMDHAEKSTYDLSSLHFVQVGGAKFSEAAARRLPKALGCQLQQVFGMAEGLVNYTR
iva	Q8NJX1_m15	KGLVMQHGSVCTSQTAIVKRLGLTPSVRMLQFAAFVFDLSIGEIIAPLITGACLCIPSEHTRMNSLTQFIRDMEINWAFLTPSFIRTINPVEVPGLDLVLLAGEAVPRDVLTTWFGQVRLINGWGPAETCVFSTL
tyr	Q83VS0_m12	KGVIVTHNGIVRLVRDNYDFRADDRVAFSSNPAFDASSPEIWGALLNGGQSIIVEPSVLLEPAAFAALLKRHAVTVMFSSTALFNLYAGLIPEALAGLRMLECGGERADPASFRRVREHSSQVRLFNGYGPTEATTCATR
ala	Q8Y8D4_m1	KGVQISQNNLVSFSNWILQDFSLSQGLRFLNQAPFSFDLSVMDLYPSLLSGGTLVPLDKTITANMKDLYREIPAQNLDVWVSTPSFADLCLLDENFNQENNPRLTRFLFCGEVLAKKTASELLDRFPDAVIYNTYGPTEATVAVTQ
trp	Q9Z4X6_m3	KGVVVTHTGLPGLLDIFTRDCAAGPGSRILQHLSPSFDASFWELAMGLLTGATLVVAPPETTPGPELAELATRHAATHLSLTTSVLGLLPPDSLPDGLTLVVGAEAIPPELVERWSPGRTMLNSYGPTETTVCSTM
leu	O68006_m3	KGVMIEHQSLINLCSWHQSCFEVGQNDNSSIYASISFDAFVWELFPYITAGATVHVLNQETRLDVEKLNRYFHDHHITISFLPTPVCEQFTALDNHSLRTLLTGGDKLNVFKEKSYQIVNNYGPTENTVVATS
sal	Q9RFM9_m1	KLIPRRHREYLYNVRASAEVCGFDEHTVYLTGLPmAHNFTLCCPGVIGTLLAGGRVVVSQRADPEHCFALIARERVTHTALVPPLAMLWLDAQESRRADLSSLRLLQVGGSRLGSSAAQRVEPVLGCQLQQVLGMAEGLICYTR
dht	Q83VS0_m8	KGVMVEHRNVARLFSATEEWFGFNQQDVWALFHSFAFDFSVWEIWGALLHGGRLLIVPQLVSRSPEDFYNLLCSAGVTVLNQTPSAFRQLIAAQAENTQAHSLRQVIFGGEALETAMLKPWYARQANAGTQLVNMYGITETTVHVTY
iva	Q8NJX1_m12	KGLVMQHGAVCTSQTAIAKRLSLTPDVRILQFAAYVFDLSIGEIVAPLIHGACVCVPSEETRMNGLKEFIRDARINWAYLTPSFVRTLRPEDVPSLQLLLLAGEAVGRDILDTWFGKVRLINGWGPAETCVFSTL
val	Q9L8H4_m3	KGVIATHRNITALALDPRFDPTAHRRVLLHSPTAFDASTYEIWVPLLNGNTVVLAPTGDLDVHTYHRVITDQQITALWLTSWVFNLLTEQSPETFTRVRQIWTGGEAVSGATVTRLQQACPDTTVVDGYGPTETTTFATH
gly	Q8P449_m1	KGVEVSHRNLANFLHAMEQELALRPRDRVLAVTTITFDIAGLELYLPLLTGARVVIAPAGITHDPRSLSRLIANEQISVVQATPSLWRILLANQELALDRVHALVGGEALVPELAAQLLSRVGRLTQLYGPTETTIWSTI
tyr	Q7WZ66_m2	KGVVVSHAGLGNLAMAQIDRFAVSPSSRVLQFAALGFDAMVSEMLMALLSGARLVMAPEPALPPRVSLAEALRRWEVTHVTVPPSVLATADALPAGLETVVVAGEACPPGLAERWSAGRRLVNAYGPTEATVCAAM
leu	Q09164_m8	KGVMIEHRNILRLVKQSNVTSQLPQDLRMAHISNLAFDASIWEIFTAILNGGALICIDYFTLLDSQALRTTFEKARVNATLFAPALLKECLNHAPTLFEDLKVLYIGGDRLDATDAAKIQALVKGTVYNAYGPTENTVMSTI
gln	Q93I55_m3	KGTLIEHRQVIHLIEGLSRQVYSAYDAELNIAMLAPYYFDASVQQMYASLLSGHTLFIVPKEIVSDGAALCRYYRQHSIDITDGTPAHLKLLIAAGDLQGVTLQHLLIGGEALSKTTVNKLKQLFGEhGAAPGITNVYGPTETCVDASL
aad	P94873_m1	KGVPKTHRSVVNAITDLSDRYQMREAGTEHVALFAALVFEPFMRQTLIALINSQTLVVVPDDVRLDPLRFPRFVDEHRISYLNGTRSVLQHFDLSQCRSLKRMLLVGEELTPSGLRTLRERFHGRIINEYAFTETAFVTAI
ala	Q09164_m11	KGVMVEHRAIMRLVKDSNVVTHMPPATRMAHVTNIAFDVSLFEMCATLLNGGTLVCIDYLTLLDSTMLRETFEREQVRAAIFPPALLRQCLVNMPDAIGMLEAVYVAGDRFHSRDARATQALAGPRVYNAYGPTENAILSTI
ala	P68876_m1	KGVQIEYASLVQFTEWMLELNKSGNKQQWLNQAPFSFDLSVMAIYPCLASGGTLNLVDKNMINKPKLLNEMLTATPINIWVSTPSFMEMCLLLPTLNEEQYGSLNEFFFCGEILPHRAAKALVSRFPSATIYNTYGPTEATVAVTS
thr	O85168_m7	KGVLVEHGNVARLFDATAGQFNFGHEDVWTPFHSFAFDFSVWEIWGALCYGGKLVIVPSEVARSPDDFYALVCEQQVTVLNQTPSAFRQFIQARERSPQEHALREVVFGGEALDFRSLQPWTARTPLSRTRLVNMYGITEITVHATY
bht	O52819_m2	KGVVVTHAGLGNLALAHIDRFAVAPSSRVLQFAALGFDTIVSEVMMALLSGATLVVPPEQDLPPKATLTETLERWDVTHVKAPPSVLGTVDALPDRVETVVAAGELCPPGLVDRLSADQRMINAYGPTETTICATV
glu	P94459_m2	KGVEIEHRSAVNFLNSLQSRYQLKHSDMIMHKTSYSFDASIWELFWWPYAGASVYLLPQGGEKEPEVIAKAIEEQKITAMHFVPSMLHAFLEQIKYRSVPIKTNRLKRVFSGGEQLGTHLVSRFYELLPNVSITNSYGPTEATVEAAF
ser	Q9RNB1_m1	KGVMNNHKGIRNRLLWMQDTYQLTKSDCILQKTPFSFDVSVWEFFWPLLAGATLVVAEPEGHKDSTYLIQLIQKQQITTLHFVPSMLRVFLQEPELKGCSSLKRVFCSGEALSLELTQRFFEHFDCELHNLYGPTEAAIDVTY
val	Q8NJX1_m4	KGVVIEHRSVCTSQTAMIKRLRVTSDVRMLQFASFVFDMSVGEVIPTLFSGGCVFVPSEDIRMGNIAQYIRDQRINWAFFTPSFLRTLAPKDIPNLEVLLIGGEAIPKEILNTWFGRVRLINGWGPVETCVCSSW
LEU	Q44928_m4	KGVMIEHQSIINCLQWRKEEYEFGPGDTALQVFSFAFDGFVASLFAPILAGATSVLPKEEEAKDPVALKKLIASEEITHYYGVPSLFSAILDVSSSKDLQNLRCVTLGGEKLPAQIVKKIKEKNKEIEVNNEYGPTENSVVTTI
thr	Q84BQ5_m1	KGVMVEHRNVVRLFSATHDWFNFNPQDVWALFHSFAFDFSVWEIWGALAFGGQLLLVPQAVSRSPDDCYALLCRTGVTVLNQTPSAFRQLIAAQGRSPLQHSLREVIFGGEALEPGLLKPWYARVGNAGTRLVNMYGITETTVHVTY
asp	Q9Z4X6_m5	KGVVIEHHALATYLHRARNTYTAMTGVTVLHSPLAFDLTITALWTPLTAGGTVHLTSLEEAEVQPSLIKATPSHLPLLTTLPETASPSHTLILGGEALHTDHLATWRTQHPGAQIINAYGPTESTVNITD
trp	Q8CJX2_m2	KGVTVTHSGLPALLDIFTSQLDVVPGSRVLHHLSPAFDGGFWELAMGLLTGAALVVVEPGTVPGPALAALAVRHRVTHAAITPAVLQLIPEGALPAGTTLVVAAETCPPELVARWSAGRLMRNSYGPTETTVCATM
pro	O07944_m1	KAVVMPGAALVNLLAWHRREIPGEAGAPVAQFTTIGFDVAAQEILATWLHGKTLAVPSQEVRRSAEQLAAWLDEQHVSELYAPNLVIEALAEAAAEAGRTLPALRHIAQAGEALTLTRTVREFAAAVPGRQLHNHYGPAETHVMTGT
phe	Q9RLP6_m1	KGVAVTHKNLTHLIAVLEERLPKPGVWPLCHSLAFDASVWEISNALLRGGRLVVVPEAVAGSPEDFHDLLVAEQVTFLTQTPSAVAMLSPDGLESMTLAVVGEACPPALVDRWATNRTMINAYGPTETTICVTS
leu	P27206_m2	KGNIVTHANILRTVKETNYLSITEQDTILGLSNYVFDAFMFDMFGSLLNGAKLVLIPKETVLDMARLSRVIERENISILMITTALFHLLVDLNPACLSTLRKIMFGGERASVEHVRKALQTVGKGKLLHMYGPSESTVFATY
dhb	Q8XBV3_m1	KLIPRTHNDYYYSVRRSVEICQFTQQTRYLCAIPaAHNYAMSSPGSLGVFLAGGTVVLAADPSATLCFPLIEKHQINVTALVPPAVSLWLQALTEGESRAQLASLKLLQVGGARLSATLAARIPAEIGCQLQQVFGMAEGLVNYTR
cys	Q9C1G0_m2	KGVMVEHHGVVNLAFSLAQIFGLRDTDDEVILSFSNYIFDHFVEQMTDALLNGQTLVVLNDEMRGDKERLYKYIEDNKVTYLSGTPSVISMYEFDRFHSHMRRIDCVGEAFSEPVFDKIRETFPGLVINGYGPTEVSITTSK
val	Q83VS1_m2	KGVLVPHRAISRLAINNGYADFNAQDRVAFASNPAFDASTLDVWAPLLNGGCVVVIGQHDLLSPLNFQRLLLEQSVSVLWMTAGLFHQYASGLGEAFSRLRYLIVGGDVLDPAVIGRVLANNPPQHLLNGYGPTEATTFSAT
iva	Q8NJX1_m1	KGLVMQHQAVCTSQTAITKRLRMTSDVKMLQFASFVFDLSIGEIFGPWVVGGCICVPSEETRMNDLVNFINTMKINWAYLTPSFARTLNPVDVPGLELLLFAGEAVRRDVFEAWFGRLRLINGWGPAETCVFSTL
ala-d	Q09164_m1	KGVMIEHRGIVRLVKGTNIISPAQAAVPTAHLANIAFDLSTWEIYTPILNGGTLVCIEHSVTLDSKALEAVFTKEGIRVAFLAPALIKQCLADRPAIFAGLDSLYAIGDRFDRRDALHAKSLVKHGVYNAYGPTENSVVSTI
leu	Q84BQ5_m3	KGVVVEHATLENLVHWHCEAFDLRAGSHTASVAGCGFDAMAWEVWPALCVGATLHLPPPSIsNEHLDELLDWWRAQPLQVSFLPTPIAEYAFSRELGHPTLRTLLIGGDKLRQFSRGQTFDVINNYGPTEATVVATS
gly	Q81QP7_m1	KGVIVPMKALSNFLLAMDDIFSLNENDHLLAVTTFAFDISALEIYLPLISGASLTIAQKEVIQEPSALTALLQEERVTIMQATPTLWQALVTEYPEKLQGLNVLVGGEALPAHLAKTLKELGCTITNLYGPTETTIWSTV
thr	Q83VS0_m5	KGVMVEHRNVARLFSATQSWFGFNEQDVWALFHSFAFDFSVWEIWGALLHGGRLLIVPQLVSRSPQDCYALLCNAGVTVLNQTPSAFRQLLNAQGESDQRHSLRQVIFGGEALDTGMLKPWYARVINAGTQLVNMYGITETTVHVTY
4pPro	Q54356_m1	KCVAHTGAAPSPSWSVMVGAFPVGGDDVFACHAPLHFDVSVASVLGSALGGAALAPVPRELSGFPVELATWIAERAVTVWLSVPYPLARLSGLEERAARERLATLRTVVFAGDVFPHQRLAALICAPGARFLNIYGPTETNGCTYE
gly	Q81DQ0_m1	KGVIVPMRGLSNFLMAMQQKFSLNENDHLLAVTTFAFDISALEIYLPLISGASLTIAQKEDIQEPSALTTLLQEERVTIMQATPTLWQALVTDYPEKLQGLNILVGGEALPAHLANKLKELGCSITNLYGPTETTIWSTF
ser	Q9KWY8_m1	KGVLNEHGPVCNRIRWGMPAFPPGPGTIVLQKTPIHFDVSVWEMFWTLATGATLVLARPDGHRDPQYLAGRLVEEGVTDVHFVPSMLAAFLDVGALPEGHSLRRVFCSGEALSPGLRDRLFARLPHVELHNLYGPTEAAIEVTH
tyr	Q93N87_m3	KGVVVPHAGLGNLAAAQIDRFAVGPDARVLQLASLGFDAAVSELLMALLSGAAAIVAPAETLPPLVSLTEALRHWDVTHVTVPPSALATADELPDGLRTLVVAGEACPPALADRWAGGRRMINAYGPTETTVCASM
tyr	P39846_m1	KGVLVDHHGIANTLQWRREEYSMTEQDISLHLFSYVFDGCVTSLFTPLLSGACVLLTTDDEAKDVLALKRKIARYKVSHMIIVPSLYRVLLEVMTADDAKSLRIVTFAGEAVTPDLLELNQIICPSAELANEYGPTENSVATTI
thr	Q9I182_m2	KGTLLTHRNALRLFSATEAWFGFDERDVWTLFHSYAFDFSVWEIFGALLYGGRLVIVPQWVSRSPEDFYRLLCREGVTVLNQTPSAFKQLMAVACSADMATQQPALRYVIFGGEALDLQSLRPWFQRFGDRQPQLVNMYGITETTVHVTY
ser	Q9R9I9_m1	KGVMVEHRSVINRLVWMQENYPLDERDAILQKTAITFDVSVWELFWWSIVGSKVVLLPNGGEKNPELILDTIEQKGVSTLHFVPAMLHAFLESMEQTPSGKLKRKLASLRYVFASGEALTPKHVDGFQRIITPvsHAQIINLYGPTEATIDVSY
asn	Q9R9J0_m2	KGVLIEHRGLSNYIWWAKEVYVKNEKTNFPLYSSISFDLTVTSIFTPLVTGNTIIVYDGEDKTALLSSIVQDQRVDIIKLTPAHLHVLKAMNIANKIAIRKMIVGGENLSTQLAQSIHEQFDGQIEICNEYGPTETVVGCML
dhb	P10378_m1	KLIPRTHNDYYYSVRRSVEICQFTQQTRYLCAIPaAHNYAMSSPGSLGVFLAGGTVVLAADPSATLCFPLIEKHQVNVTALVPPAVSLWLQALIEGESRAQLASLKLLQVGGARLSATLAARIPAEIGCQLQQVFGMAEGLVNYTR
hpg	Q8KLL5_m1	KGVAVSHGNVAALVGEPRWEIGPGDTVLTHASHAFDISLFEIWVPLLSGARMMIAEPGAVDGEALARYVAAGVTAAHLTAGAFRVLAEESPESVAGLREVLTGGDEVPPAAVRRVRRACPDIRVRHLYGPTETTLCATW
CYS	Q8GGP3_m1	KGVAVAHRPVLNLINWCRRTFGFGPGDMGLCVTSLGFDLSVFDVFGLLGTGAALYIADAEQQRDPALLLDVLIEEPVTFWNSAPTTLAQvgpLLDTVGTAGTGDLRLVFLSGDFTPLPLPDEVRAVFPRADMISLGGATEATVWSNW
ser	Q884E4_m2	KGAGNSHRALVNRLHWMQKAYALDDSDTVLQKTPFSFDVSVWEFFWPLLTGARLAVALPGDHRDPERLVQTIRQHEVTTLHFVPSMLQAFMTHPQVESCNSLSRVMCSGEALPAELVGQVLKRLPQVGLFNLYGPTEAAIDVTH
aad	Q01757_m1	KGVPKYHDSVVNSITDLSERYDMRRPGTERVALFASYVFEPHLRQTLIALINGQTLVVVPEEVRLDPDRFPAYIEEHGVTYLNATGSVLQHFDLRRRTSLKRLLLVGEELTAAGLRQLRERFSGRIVNEYAFTEAAFVTAV
asn	Q9FB23_m2	KTIGVPQRALAGYLRWAIGHYRLDEETVSPVHSSLGFDLTVTALLAPLAAGGQARLTDSGDPGALGAALAAGHHTLLKITPAHLAALAHQLGAPTALRTVVAGGEPLHAGHVRALRAFAPGARLVNEYGPTETTVGCCA
ala-b	Q9FB18_m1	KGVLGTHRGAVNRVDWMSTAYPFRTGDVAVARTAPGFVDAVWELFGPLAAGVPLVLLPTDEARDPALLTAALERHRVSRMVTVPSLLTMLLDESARATDLGTRLACLRTWITSGEPLPPALARRFHDRLPGRTLLNLYGSSETAADATA
val	P25464_m3	KGVLVEHQSVVQLRNSLIERYFGETNGSHAVLFLSNYVFDFSLEQLCLSVLGGNKLIIPPEEGLTHEAFYDIGRREKLSYLSGTPSVLQQIELSRLPHLHMVTAAGEEFHASQFEKMRSQFAGQINNAYGITETTVYNII
cys	Q9RFK8_m1	KGVMIDHRGAVNTLLDMNERFNVGPRDRVLALSSLSFDLSVYDLFGVLAAGGAIVMPEPGTSRDPGRWQVLLEKTGVTIWNSVPALMDMLVEFSEGSGLRLPDSLRLVLMSGDWIPVTLPGRIRALSKNAELVSLGGATEASIWSIL
arg	Q9S1A7_m1	KGVMNIHQGICNTLKYNIDNYNLNSEERILQITPFSFDVSVWEIFLSLTSGATLVVAKPDGYKDIDYLIDLIVQEQVTCFTCVPSILRVFLQHSKSKDCHCLKRVIVGGEALSYELNQRFFQQLNCELYNAYGPTEVAVETTI
TYR	Q9RAH1_m1	KGVMVEHKGLCNLAQAQIQTFGLTSDSRVLQFASFSFDASISEILMALGSGATLYLGTKDSLLPGKPLIEQLSNHCITHITLPPSALAVMPGSELSALQTIIVAGEASSAELIRQWSAGRNFFNAYGPTEASVCATI
gln	Q8NJX1_m17	KGVVMQHGSFSSTTIGYGKVYNLSPLSRIFQFSNYIFDGSLGEIFGPLAFGGTICIPSDDERLQCAPDFMHRAKVNTAMLTPSFVRTFTPDKVPHLKTLVLGGEAASKSTLEMWVDRVTLFNGYGPAEACNYATT
pro	Q9KWY7_m1	KGVMVPHRAFGSLTRSAEQFAQTPDSRVLRFASPSFDVSLLELLMTFDAGATLVLEPRALLVPGEDLARLIRERPVSTVLLSPSALSTLTAGELPGLRTVVMAGEAATLELAQQWCDGRDVFNGYGPTEATVLATI
ser	Q93I54_m2	KGVMVEHRSVINRLVWMQEHYPLDKQDVILQKTPITFDVSVWELFWWSMTGSKAVLLSNGGEKNPDVILDTIAQKNVTIMHFVPAMLHAFLESMEQKSDEELKRKLASLKYVFASGEALTPAHVAGFHRMITPagEAQIINLYGPTEATIDVSY
LEU	Q84BQ6_m1	KGVMVEHRTLCNLVDWHADVFDLHAGSHTSSLAGFGFDAMAWEVWPALCVGATLHLAPASEGSEDIDALLDWWRAQPLDVSFLPTPIAEYAFSRQLDHPTLRTLLIGGDRLRQFPRQPSFEVINNYGPTEATVVATS
ala	P39581_m1	KGVQISAANLQSFTDWICADFPVSGGKIFLNQAPFSFDLSVMDLYPCLQSGGTLHCVTKDAVNKPKVLFEELKKSGLNVWTSTPSFVQMCLMDPGFSQDLLPHADTFMFCGEVLPVSVAKALLERFPKAKIFNTYGPTEATVAVTS
lys	O68007_m1	KGVMTTHRNVVHYVDAFTKRIPLSEHDTVLQVVSFSFDAFSEEVYPILACSGRLVISRKVSDLNIDELVKTIGKYRVTLVSCSPLLLNEIDKNQHLTFHPQMKFISGGDVLKFEYVENIIKGADVYNSYGPTEATVCATY
ser	Q8Z8L5_m1	KGVMVGQTAIVNRLLWMQDHYPLTADDVVAQKTPCSFDVSVWEFFWPFIAGAKLVMAEPEAHRDPLAMQRFFAQYGVTTTHFVPSMLAAFIASLTPASAGKSCASLKRVFCSGEALPTALCREWETLTNAPLHNLYGPTEAAVDVSW
dhpg	O52821_m1	KGVAIPHGAVAGLAGDSGWQIGPDDGVLMHATHVFDPSLYAMWVPLVAGGRVLLTEPGVLDAAGVRQAVERGATAVHLTAGSFRALAETSPECFAGLVEIGTGGDVVPAQSVANLRRAQPGLRVRNTYGPTETTLCATW
phe	O30408_m2	KGVMVEHRGIVNSVTWNRDEFALSVRDSGTLSLSFAFDAFALTFFTLIVSGSTVVLMPDHEAKDPIALRNLIAAWECSYVVFVPSMFQAILECSTPADIRSIQAVMLGGEKLSPKLVQLCKAMHPQMSVMNAYGPTESSVMATY
dhb	Q8GA86_m1	KLIPRTHDDYIYSLKRSVEVCWLDHSTVYLAALPmAHNYPLSSPGVLGVLYAGGRVVLSPSPSPEIAFPLIEREKVTITALVPPLAMVWMDAASSRRDDLSSLQVLQVGGAKFSAEAARRVKAVFGCTLQQVFGMAEGLVNYTR
gln	Q9R9J0_m3	KGTLIEHRQVIHLIEGLRNAVYSAYDGVLHVAMLAPYYFDASVQQIYASLLLGHTLFIVPKEAVSDGEALCQYYRQHRIDVTDGTPAHLKLLVAADDGEGVPLRHLLIGGEALPKTTVTKFIHLFGAdRAAPAITNVYGPTETCVDASL
ile	P94460_m1	KGVMITNRNVVSLVRNSNYTSASGDDRFIMTGSISFDAVTFEMFGALLNGASLHIIDKSTMLTPDRFGAYLLENDITVLFLTTALFNQLAQVRADMFRGLHTLYVGGEALSPALMNAVRHACPDLALHNIYGPTENTTFSTF
ala	Q53526_m1	KGVQISHDNLLSFTNWMINAEAFATPHRPQMLAQPPYSFDLSVMYWAPTLALGGTLFALPKEITADFKQLFTTINQLPIGVWTSTPSFVDMAMLSDDFNAQQLPHLTHFYFDGEELTVKTAKKLRQRFPQARIVNAYGPTEATVALSA
leu	Q04747_m3	KGVMVEDHALVNLCFWDHDAFSMTAEDRSAKYAGFGFDASIWEMFPTWTIGAELHVIDEAIRLDIVRLNDYFETNGVTITFLPTQLAEQFMELENTSLRVLLTGGDKLKRAVKKPYTLVNNYGPTENTVVATS
cys	P26046_m2	KGVTVEHHGVVNLQVSLSKVFGLRDTDDEVILSFSNYVFDHFVEQMTDAILNGQTLLVLNDGMRGDKERLYRYIEKNRVTYLSGTPSVVSMYEFSRFKDHLRRVDCVGEAFSEPVFDKIRETFHGLVINGYGPTEVSITTHK
hpg	Q8KLL5_m2	KGIVVPHGSVAALAGDPGWALDADDCVLMHASHAFDASLFEIWAPLVRGARVMVAEPGAVDTQRLREAVARGVTTVHLTAGSFRVLAEESPGSFDGLREILTGGDVVPLASVAQLRRACPDVRVRHLYGPTETTLCGTW
glu	O30981_m1	KGVAVEHRQAVSFLTGMQMQFPLEEDDIIMMKTSFSFDASVWQLFWWTLSGASAYLLPSGWEKDPALMVKAIREEGVTTAHFIPAMLNSFLDQAEIEAPRSLKRVFAGGEPLAPHTAARFASLLPETSLVHGYGPTEATVDAAF
ala-b	O87313_m2	KAVVGTHAALANRLAWAVEAWPAATRIAKSPLSFIDGTTELLAGLAAGARTVLAGDETARDGRRLAQLVAAHGVEQLLAVPSLAAVLADERTEDVAELNRWIVSGEALEPRHLHALRTACPTAEIVNSYGSSEVAGDVLA
phe	P14687_m1	KGTMLEHKGISNLKVFFENSLNVTEKDRIGQFASISFDASVWEMFMALLTGASLYIILKDTINDFVKFEQYINQKEITVITLPPTYVVHLDPERILSIQTLITAGSATSPSLVNKWKEKVTYINAYGPTETTICATT
orn	Q9RK14_m1	KGAMIRHEAISERLLWQIHEILGFGHDDASLFKAPLSFDISINEIFLPLVSGGRLVVLRPGGERDPHHLLSVIDEQRVTFTYLVSSMLDVLLEMAGDSGRLDSLRHVWCGGEVLTPELYERFRTRLDIPLYHGYGPAETTIGVSH
ORN	O87606_m2	KGVIVTHRNFAHAVLAWRRIYQLDQMPVRLLQMASFSFDVFSGDLARTLANGGTLVICPDETRLEPAELYALMNRQRITIMESTPALIVPFMEYVYRNQLSLPDLDILILGSDMVKAHDFKTLADRFGNKMRLINSYGVTEATIDSSY
ala	Q83VS0_m3	KGVMIEHRNTVNFLTWAHSAFDAGTATSALEKTLFSTSLNFDLAVYECFAPLTSGGSIEVVKNVLELQNGEHDIGLINTVPSALKALLDVDGLPRSVHTVNVAGEALKQSLVESLFENTGVQRLCNLYGPSETTTYSSW
ser	Q8XBV9_m1	KGVMVGQTAIVNRLLWMQNHYPLTGEDVVAQKTPCSFDVSVWEFFWPFIAGAKLVMAEPEAHRDPLAMQQFFAEYGVTTTHFVPSMLAAFVASLTPQTARQNCATLKQVFCSGEALPADLCREWQQLTGAPLHNLYGPTEAAVDVSW
dhb	Q8FXQ0_m1	KLIPRTHNDYDYSVRASAEICALTPQTRFLCALPtAHNYPMSSPGALGVFHAGGCVVMASNPEPLNCFSIIERHGVNMVALVPPAVALWLQATPDHLAALSSLKLVQVGGASFAEALARQVPQVLGCKLQQVFGMAEGLVNYTR
bht	O52820_m3	KGVLVTHSGLVNLGYAHIERMAVTSSSRVLQLSAIGFDAIVSELYMALLAGATLVLPDSANMPPRVTLGDAIRKAGITHLTVSPSVLASEDDLPDTLQTVLTGGEALPAALVDRWSPGRRVIQAYGPTETTICSTM
asn	O52819_m3	KAVVITHRNLTNYLFHCGRMYPGLRGRSVMHSSIAFDLTITAMFTPLTVGGTVHVGALEAVIGAVDSAPSIFLKATPSHLRTLDTGSRESAVSGDLLLGGEQLPVDTIVQWRRTYPNTVVVNEYGPTEATVGCVE
orn	P39845_m2	KGVIVTYQNFTHAALAWRQIYELDRKPVRLLQIASFSFDVFSGDLARTLTNGGTLIVCPDETRLEPAEIYKIIKSQRITVMESTPALIIPVMEYVYRNQFKLPDLDILILGSDMVKAQDFKTLTDRFGQSMRIINSYGVTEATIDSSF
lys-b	Q8VM38_m1	KAVVVPHRAPAAVVPPLRALYGIGDGESVLHFHGVGGDTSLEEILPTLTGGGTLVLDDGAREGFARVAEEQQVSVAVLPTGFWDSLTGDLLHNGARLPASLRTVVIGGEAVRADMLERWHRVRGAEDVRLLNTYGSTETALVTHA
bht	Q7WZ74_m3	KGVLVPHAGLGNLASAQIERFGVTSASRILQFAALGFDAAVSELCMALLSGGTVVLADAESMPPRVSLGDAVRRWGITHVTVPPSVPAVEDDLPDSLETLVVAGEACPPALVDRWSPGRRMINAYGPTETTVCATM
ala	Q92D47_m1	KGVQISQNNLVSFSNWILQDFSLRQGLRFLNQAPFSFDLSVMDLYPSLLSGGTLVPLDKTITANMKDLYREIPAQNFDVWVSTPSFADLCLLDDNFNQENNPNLTRFLFCGEVLAKKTASELLDRFPDAVIYNTYGPTEATVAVTQ
lys	O86329_m1	KGVAVPHRPVAEYFVWFKGEYDVDDTDRLLQVASPSFDVSIAEIFGTLACGARMVIPRPGGLTDIGYLTALLRDEGITAMHFVPSLLGLFLSLPGVSQWRTLQRVPIGGEPLPGEVADKFHATFDALLHNFYGPTETVINASR
cys	Q9FB18_m2	KGVMIDHLGAANTLECVNRRFGTGPGDAVLAVSSPSFDLAVYDLFGVLAAGGTVVVPAHDRRRDPGHWAELIRRERVTLWNSVPALGTLLTEYAEALAPDALRTLRAVLLSGDWIPLGLPDRIRALSAPGATVMSLGGATEASIWSVW
pro	P94459_m1	KGVQFEHRNMANLLKFEYTHSGIDFEADVLQFATPSFDVCYQEIFSALLKGGTLHIVPEAIKRDVPQLFAFINKHQTNIVFLPTAFIKMIFSERELANSFPDGVKHLIAAGEQLMISDLFQDVLRKRGIHLHNHYGPSETHVVSTY
pro	Q93I55_m4	KGVQLEHKTMTNLLAYEQDHTQLRFDRVLQFAAMSFDVCYQEMFSALSSGGTLFIIGNEAKRDIRQLNDFVRTHGIQTAFLPTAFLKLLASEKHYFEPFAECVDHIIAAGEQLIATRMLRDMLARHQVTLHNHYGPSETHVVTMY
phe	O05647_m2	KGVPVPHRSVASVLVPLIEEFGLGPGSRVLQFASISFDAALWEITLALLSGATLVVAPAEQLQPGPALAELVARTGTTFLTLPPTALAVLADDALPAGVDLVVAGEATSPDQVGRWSTGRRMTNAYGPTEAAVCTTI
thr	Q51338_m2	KGTLLTHRNALRLFSATEAWFGFDERDVWTLFHSYAFDFSVWEIFGALLYGGRLVIVPQWVSRSPEDFYRLLCREGVTVLNQTPSAFKQLMAVACSADMATQQPALRYVIFGGEALDLQSLRPWFQRFGDRQPQLVNMYGITETTVHVTY
phe	Q8GAQ3_m1	KGVMVAHIGLHNLLKVQIQAFKVSSNSRVLQFASLSFDASIWEIVMALGSGASLYLESRENLLPGASLSKWLNEKKITHLTLPPSALAVMQKEELPSLQTIVVAGEACPAEVISQWSQGRQFVNAYGPTESTVCATM
aeo	Q01886_m4	KGVVMEHHSVCSALIALGKRMGLGPQSRVLQFNSYWFDVMLLDIFGTLVYGGCLCIPKEEQRMSNLSGWVQKFKVNTMLLSTSVSRLMQPADTPSLETLCLTGEAVLQSDVDRWAPKLHLIAGYGPTETCIMSVS
ala	Q88VM6_m1	KGVQISHDNLVSYVDWMLSDDFGLPDQPNSLSQPPYSFDLSVMDVYPTLALGGTLYALPKAVTDDFKQLFAALPTLPINVWVSTPSFMDICLLEPKFNAENLPTLTHFLFCGEELTHKTAATLKKRFPDARIFNTYGPTETCVAVTQ
dhpg	Q8KLL6_m1	KGVAVTHGGVAGLAGDAGWRIGPDDGVLMHATHVFDASLYEMWVPLATGGRILLAEPGVVDADGVRRAVERGATALHLTAGTFRALAEASPECFTGLTEVGTGGDVVPAFAVENLRRAQPALRVRNTYGPTETTLCATW
pip	Q9ZGA6_m1	KAVLMPGVSAVNLLLWQERTMGREPASRTVQFVTATFDYSVQEIFSALLGGTLVIPPDEARFDPPGLARWMDEQAITRIYAPTAVLRALVEHVDPHSDQLSALRHLCQGGEALALDARLRELCRHRPHLRVHNHYGPAESQLITGY
gly	Q8NJX1_m2	KGLVMEHVSVCTSQTAISQRLELTTDVRMLQFSAFVFDISVGEIVATLISGASLYIPDENTRLNNLPNFIQNNNINCAMLTSSFLRTIKPADVPALELLVFVGEAPARDVFETWFGKVRLINGWGPAETCVLSTI
val	P27742_m3	KGVLVEQGGVLHLRDALRKRYFGIECNEYHAVLFLSNYVFDFSIEQLVLSIMSGHKLIIPEGEFVADDEFYITANGQRLSYLSGTPSLLQQIDLARLNHLQVVTAAGEQLHAAQFNKLRSGFRGPIYNAYGITETTVYNIV
tyr	Q70AZ9_m2	KGVVVPHAGLGNLALAQIDRFGVSPSSRVLQFAALGFDAMVSEVLMALLSGARLVMAPEHQLPPRVSLAEALQRWDVTHVTVPPSVLATAEALPARLETVVVAGEACPPSLADRWSAGLRLVNAYGPTEATVCAAM
iva	Q8NJX1_m16	KGLVMTHGGISTSQMAIKRKWGINSSNRTLQFVPNVFDLCLGESILQLISGACIFIPSEYTRMNGLKDFITEHKINTLFLTPSFVRTLSPDQLPSVTLLLLAGEAVPRDILTTWFGKVRLWNGWGPAETCLFSSL
glu	O30980_m2	KGVQVEHQSAVNFLNSLQFRYPLNQSDVILHKTSYSFDASIWELFWWPYGGASVYLLPQGGEKEPDMILKVIEEQQITAMHFVPSMLHAFLEYLKNGPVPIKTNRLKRVFSGGEQLGAHLVSRFCELLPDVTLTNSYGPTEATVEAAF
glu	P27206_m1	KGVMIEHRQVHHLVESLQQTIYQSPTQTLPMAFLPPFHFDASVKQIFASLLLGQTLYIVPKKTVTNGAALTAYYRKNSIEATDGTPAHLQMLAAAGDFEGLKLKHMLIGGEGLSSVVADKLLKLFKEaGTAPRLTNVYGPTETCVDASV
hpg	Q93N87_m1	KGVAVPHGSVAALVGEPGWAVGPGDSVLFHAPHAFDISLFEVWVPLASGARVEVAEPSVVVDAAAVREYIAGGVTHVHVTAGLFRVLAEESPECFTGAREVLTGGDVVPARAVQRVRSACPEVRVRHLYGPTEVSLCATW
leu	O52819_m1	KGVAITHGTIAELAEDPGWVMEPGEAVLMHSPHTFDASLFEVWTPLSLGARVVIAEPGSVDVRRLREAAAAGVTRVYLTAGSFRAVAEESPESFAAFREVLTGGDVVPAHAVERVREACPGARVRNMYGPTEATMCATW
ser-thr	Q7TYQ4_m1	KGVEVAHDAAMNTVETFIRHFELGAADRWLALATLECDMSVLDIFAALRSGGAIVVVDEAQRRDPDAWARLIDTYEVTALNFMPGWLDMLLEVGGGRLSSLRAVAVGGDWVRPDLARRLQVQAPSARFAGLGGATETAVHATI
glu	Q9RNB3_m1	KGVMGRHISILNVIQSLRLTFDLDKHPEWRYIFTAAVTHDPSIRNIFLPLTIGASLYMYEIKYIGHLVSFLQENQINALHTTPSIYREILGLLEPGETISSLKYISVGGEKLDRETALALRKRFPAEIIsNVYGSTETCVGVSQ
ala	Q8NJX1_m8	KGVVIEHGSLCTSQISLSKALDFNEEFRVLQFSSYSFDIILFEIGSTFLTGACLFVPSwDEQMNELVEYIRKHQLTFMVLTPTLARTIRPEDVPSVDMLVVAGEAPTRDILDIWFGKLRLANGWGPTECSVIACL
cys	P27743_m2	KAVLVEHRGVVNLQVSLAKLFGLDKAHRDEALLSFSNYIFDHFVEQMTDALLNGQKLVVLDDSMRTDPGRLCRYMNDEQVTYLSGTPSVLSLYDYSSATSLTRIDAIGEDFTEPVFAKIRGTFPGLIINGYGPTEISITSHK
ORN	Q44928_m3	KGVMIEHQSYVNVAMAWKDAYRLDTFPVRLLQMASFAFDVSAGDFARALLTGGQLIVCPNEVKMDPASLYAIIKKYDITIFEATPALVIPLMEYIYEQKLDISQLQILIVGSDSCSMEDFKTLVSRFGSTIRIVNSYGVTEACIDSSY
aad	P25464_m1	KGIYKEHTSVVNSITDLSARYGVAGEDDEVILVFSAYVFEPFVRQMLMALTTGNSLAIISDEDKFDPDTLIPFIQKHKVTYIHATSSVLQEYDFGSCPSLKRMILVGENLTEPRYEALRQRFKSRILNEYGFTESAFVTAL
ile	Q45563_m1	KGVMITNRNVVSLVCNSNYTSASVNDRFILTGSISFDAVTFEMFGALLKGATLHIIDKSTMLTPDRFGAYLIENNITVLFLTTALFNQLAQAQADMFHRLHTLYVGGEALSPELINAVRRACPNLSLYNIYGPTENTTFSTF
tyr	Q93I55_m1	KGVMVEHGGIVNSLQWKKAFFRHSPADRVLVLYPYVFDAFILNFFGPLISGATLHLLPNKENKETFAIQNAIKQERITHFSTSPRLLKTMIEQMNREDFIHVQHVVVGGEQLEADTVEKLHSLQPRIRINNEYGPTENSVVSTF
thr	Q9K5M1_m3	KGVLVNHSHVVRLFAATDSWYNFNSQDVWTMFHSYAFDFSVWEVWGALLYGGRLVVVGYLVTRSPKSFYELLCQEKVTILNQTPSAFRQLIPAEQSIATVGDLNLRLVIFGGETLELNSLQPWFDRHGDQSPQLVNMYGITETTVHVTY
glu	Q9L6D0_m1	KGVGNTHGALAERLQCMQTTYQLDESDVLMQKAPISFDVSVWECFWPLITGCRLVLAGPGEHRDPHRIAQLVQEHGVTTLHFVPPLLQLFVDEPLAAKCTSLRRVFSGGKALPAELRNRVLAQWPAVQLHNRYGPTETAINVTH
phe	O07944_m2	KGVVVAHRSLAATVPAQAAAFGLGTHSRVLNFASISFDAAVWELTSALFTGAGLVLADADDLLPGPSLARLVHDRHITLIALPPSALPALPDGALPPGTDLIVAGDATAPDQAARFAPGRRMVNAYGLTETTVCATM
dhb	Q83M10_m1	KLIPRTHNDYYYSVRRSAEICQFTQQTRYLCSIPaAHNYAMSSPGSLGVFLAGGTVVLAADPSATLCFPLIAKHQVNVTALVPPAVSLWLQALAEGESRAQLASLKLLQVGGARLSATLAARIPAEIGCQLQQVFGMAEGLVNYTR
dhpg	Q939Y9_m1	KGVAIPHGAVAGLAGDAGWQIGPGDGVLMHATHVFDPSLYAMWVPLVSGARVLLTEPGVLDAAGVRQAVHRGATFVHLTAGTFRALAETAPECFEGLVEIGTGGDVVPLQSVENLRRAQPGLRVRNTYGPTETTLCATW
hpg	Q93N86_m1	KGVAVPHDAVAALAGDPGWGVHAQDAVLLHAPHAFDASLFEIWVPLVSGARVVVAEPGVVDALRIREEVAAGVTALHLTAGTFRVLAEEEPECFAGLREVLTGGDVVPPQAVERVRQVCPELRIRHLYGPTETTLCATW
gln	Q8NJX1_m6	KGVLMEHSAFATSTLGHGGIYNLSPASRVFQFSNYIFDGSLGEIFTTLSFGGTVCVPSEDERLQKAPSFMREARVNTAMLTPSFVRTFAPEQVPSLRLLVLGGEPSSKDLLETWCGRLRLVNGYGPAEACNYATT
cys	O85740_m1	KGVMLSHAAVSNTLLDINQRYGVDANDRVLGLAELSFDLSVYDFFGATAAGAQVVLPDPARGSDPSHWAELLERHAITLWNSVPAQGQMLIDYLESEPQRHLPGPRCVLWSGDWIPVSLPTRWWRRWPDSAAVQPGRRTEAAIWSIE
pro	Q9L8H4_m1	KGVVMPAGGLLNLLQWHHRAVGDEPGTRTAQFTAISFDVSAQEVLSSVAFGKTLVIPDEEVRRDAARFAGWLDDRQVDELFAPNLVLEALAEAAVETGRTLPQLRTVAQAGEALTLSRTVRAFHRSAPGRRLHNHYGPTETHVVTAH
tyr	P94459_m3	KGVMVEHKGIANTLQWRRNAYAFNETDTILQLFSFSFDGFITSMFTPLLSGAKAVLLHEEEAKDILAIKHQLSRQRITHMIIVPVLYRALLDVVQPEDVKTLRVVTLAGEAADRELIARSLAICPHTELANEYGPTENSVATTV
dhb	Q81QP9_m1	KLIPRTHDDYIYSLRVSAEICNLSAESVYMAVLPvAHNYPMSSPGTFGTFYAGGKVVLATGGSPDEAFALIEKEKVTITALVPPLAMIWLDAASSRNNDLSSLEVIQVGGAKFSAEVAKRIRPTFGCTLQQVFGMAEGLVNYTR
hpg	Q939Z0_m2	KAVAVPHGSVAALASDPGWSQGPGDCVLLHASHAFDASLVEIWVPLVSGARVLVAEPGTVDAERLREAVSRGVTTVHLTAGAFRAVAEESPDSFIGLREILTGGDAVPLASVVRMRQACPDVRVRQLYGPTEITLCATW
ser	Q8ZR37_m1	KGVMVGQTAIVNRLLWMQDHYPLTADDVVAQKTPCSFDVSVWEFFWPFIAGAKLVMAEPEAHRDPLAMQRFFAQYGVTTTHFVPSMLAAFIASLTPASAGKSCASLKRVFCSGEALPTALCREWETLTNAPLHNLYGPTEAAVDVSW
ser	Q84BQ4_m2	KGVINEHSGVVNRLLWMQDAYQLTSSDTVLQKTPFSFDVSVWEFFWSLMTGARLVMARPEGHKDPLYLSEIIEREHITTLHFVPSMLDVFLAHADTARCASLRQVMCSGEALPGSVVRRFKQQLPGSQLHNLYGPTEAAVDVTA
leu	O66069_m2	KGNMVSHRNILRTVKNTNYLDVMTSDIVLSISNYVFDAFMFDVFGSLLNGAKLVIAPKDTILDMSRLAHVLEKEKVTVLMITTALFNLLTDMRPDSLKGLRRVLFGGERASVDHVRRALNTVGKGRLLHMYGPSESTVFTTY
val	Q09164_m4	KGVMVQHRNIVRLVKNSNVVAKQPAAARIAHISNLAFDASSWEIYAPLLNGGAIVCADYFTTIDPQALQETFQEHEIRGAMLPPSLLKQCLVQAPDMISRLDILFAAGDRFSSVDALQAQRLVGSGVFNAYGPTENTILSTI
leu	Q9S1A8_m1	KGVLISHRGLMNLICWHQDAFEITPLDKITQLARSAFDAAVWELWPCLTAGASLVLVKPEIMQSPPDLRDWLIAQEITVSFLPTPLVEKILSLKWDENIALRIILTGGDKLHHYPSVSMPFKLINNYGPTENTVVTTS
lys	Q7D791_m1	KGVAVPHRPVAEYFVWFKGEYDVDDTDRLLQVASPSFDVSIAEIFGTLACGARMVIPRPGGLTDIGYLTALLRDEGITAMHFVPSLLGLFLSLPGVSQWRTLQRVPIGGEPLPGEVADKFHATFDALLHNFYGPTETVINASR
dht	Q9FDB3_m1	KGVMVEHRNVARLFSATQDWFGFNEQDVWALFHSFAFDFSVWEIWGALLHGGRLLIVPQLVSRSPEDFYNLLCSAGVTVLNQTPSAFRQLIAAQDDKEQVHSLRQVIFGGEALETAMLKPWYARKVNASTQLVNMYGITETTVHVTY
gly	P45745_m1	KGVVVTQKSLSNFLLSMQEAFSLGEEDRLLAVTTVAFDISALELYLPLISGAQIVIAKKETIREPQALAQMIENFDINIMQATPTLWHALVTSEPEKLRGLRVLVGGEALPSGLLQELQDLHCSVTNLYGPTETTIWSAA
val	Q83Y49_m1	KATASTHRAVVSLVKGTDYIDIKGDDRFLFFAPLAFDASTFEIWGALLNGAQLVVQPGEAGGLDDLAHTLENQQVSVLWLTSALFQEMVDQYPQAMAGVRHVLTGGDVVSPQSMRSLLARSTGTLTICYGPTEGTVFTTA
leu	Q939Z1_m1	KGVTISQGCVAELTMDAGWAMEPGEAVLMHSPHAFDASLFELWMPLASGVRVVLAEPGSVDARRLREAAAAGVTRVYLTAGSLRAVAEEAPESFAEFREVLTGGDVVPAHAVERVRTAAPRARFRNMYGPTEATMCATW
asn	Q9R9J1_m1	KGVLIEHRGLANYIEWAKEVYVNDEKTNFPLYSSISFDLTVTSIFTPLVTGNTIIVFDGEDKSAVLSTIMQDPRIDIIKLTPAHLHVLKEMKIADGTTIRKMIVGGENLSTRLAQSVSEQFKGQLDIFNEYGPTEAVVGCMI
asp	Q84BQ6_m2	KGVMIEHRSACNMVHWGSQLSPPTGHGALLQKAPFSFDSSVWEIFWPLCSGMRLVLARPDGNRDSAYVVQTIREHQVTVVKFVPALLQQFIEQDGVEQCTSLTDVLNGGGELSAALARQVRDRLPWVRLHNVYGPTETTVDSTG
ala	Q83VS0_m9	KGVMIEHRNTVNFLTWAHTAFDASALEKTLFSTSLNFDLAVYECFAPLTSGGSIEVVKNVLELQHGEHDIGLINTVPSALKALLEVNGLPESVHTVNVAGEALKQSLVESLFENTGVQRLCNLYGPSETTTYSSW
dhb	Q8Z8L1_m1	KLIPRTHNDYYYSVRRSNEICGFNEETRFLCAIPaAHNYAMSSPGALGVFLAKGTVVLATDPGATLCFPLIEKHQINATALVPPAVSLWLQAIQEWGGNAPLASLRLLQVGGARLSATLAARIPAEIGCQLQQVFGMAEGLVNYTR
cys	O68006_m2	KGVQITHVPQRNTILDINEKFNVTEQDNIMGISSLCFDLSVYDVFGALSSGASLVIIDDQRDVFSLKETAEKERITIWNSVPAIMGMTADVYPDNELNHHLRLILLSGDWIPLQLPATIKKTFKNAEVISLGGATEGSIWSIY
gln	O30409_m2	KGVMISHQAICNHMLWMRETFPLTTEDAVLQKTPFSFDASVWEFYLPLITGGQLVLAKPDGHRDIAYMTRLIRDEKITTLQMVPSLLDLVMTDPGWSACTSLQRVFCGGEALTPALVSRFYETQQAQLINLYGPTETTIDATY
cys	Q9HWG4_m1	KGVMLSHAAVSNTLLDINQRYGVDANDRVLGLAELSFDLSVYDFFGATAAGAQVVLPDPARGSDPSHWAELLERHAITLWNSVPAQGQMLIDYLESEPQRHLPGPRCVLWSGDWIPVSLPTRWWRRWPDSALFSLGGATEAAIWSIE
gln	Q9K5M2_m1	KGVMLSHSNLCNHMSWMQATFPLTEKDKVLQKTPFGFDASVWEFYAPLLAGGQLLIAKPGGHTDSAYLLRLIAQQQVTIVQLVPSLLQMLLEQGGIETCHSLKHVFCGGEVLPVALLEGLLSKLDVNLHNLYGPTETCIDATF
asp	O69246_m2	KGVQLEHRNLANYVSWFISEAHLSASDKTMLLSSYAFDLGYTSFFPVLLAGGELHIVPKETYTEPEAFTHYIGEQGITYMKLTPSLFHTVVQPQSFALAKGLQSLRLIVLGGEKINPKDVERFHSRYPDTRFINHYGPTETTIGAIA
ILE	Q9RAH4_m1	KGVAVTHQAVNRLVLNTNYIQLTADECVAQAANIAFDAATFEIWGALLSGAKLVIITKSVLLLPEEFAVNIHKHKISVLFLTTALFNQLASVVPQAFSSLRYLLFGGEAVDPKWVLEVLDKGAPQHLLHVYGPTENTTFSSW
cys	Q8ZF24_m1	KGVVISHRGALNTCCDINTRYQVGPHDRVLALSALHFDLSVYDIFGVLRAGGALVMVMENQRRDPHAWCELIQRHQVTLWNSVPALFDMLLTWCEGFADATPENLRAVMLSGDWIGLDLPARYRAFRPQGQFIAMGGATEASIWSNA
gln	Q45295_m1	KGVMIEHRQVHHLVRGLQQAVGAYDQDDLKLALLAPFHFDASVQQIFTSLLLGQTLYIVPKKTVSDGRALSDYYRRHQIDVTDGTPAHLQLLSAADDLSGVKLRHMLVGGEALSRVATERLLQLFAEtaESVPDVTNVYGPTETCVDASS
ile	O68006_m5	KGVVIPHYSAARVVKNTNYIDITGNDVILQLSNYSFDGSVFDIFGALLNGASLVLIEKETVLNTHELAEVIKKEQVSVMFITTALFNTLADINIGCLAKLRKILFGGERASIPHVRKVLDHVGRDKLIHVYGPTESTVYATY
hpg	O52820_m2	KGVAVPHGSVAALASDPGWSQGPDDCVLLHASHAFDASLVEIWVPLVNGSRVMVAEPGAVDAERLREAISRGVTTVHLTAGAFRAVAEESPDSFTGLREILTGGDAVPLASVVRMRRACPDVRVRQLYGPTEITLCATW
val	Q45675_m1	KGVMIEHKSILRLVKNAGYVPVTEEDRMAQTGAVSFDAGTFEVFGALLNGAALYPVKKETLLDAKQFAAFLREQSITTMWLTSPLFNQLAAKDAGMFGTLRHLIIGGDALVPHIVSKVKQASPSLSLWNGYGPTENTTFSTS
ala-b	O76858_m1	KGVRLPHESILNRLQWQWATFPYTANEAVSVFKTALTFVDSIAELWGPLMCGLAILVVPKAVTKDPQRLVALLERYKIRRLVLVPTLLRSLLMYLKMEGGGAAQKLLYNLQIWVCSGEPLSVSLASSFFDYFDEGVHRLYNFYGSTEVLGDVTY
asn	Q9R9I9_m2	KGVLIEHQGLTNYIWWADRVYVKGEKTTFPLYSSIAFDLTVTSIFTPLISGNAIIVYGDKDRTTLLSSIIEDSRVDIIKLTPAHLQLLKEMNISPECTIRKMIVGGDNLSTRLAQNISEQFQDQIEIFNEYGPTETVVGCMI
orn	O87313_m1	KGAMIRQDAIAERLQWQRDHILHFGKHDHTDASLFKAPLSFDISVNEILLPLVSGGRVVVAVPDGEKDPEYLLELIRTEQVTFVYLVSSMLDTLLELDRLATADGAPSSLASLRHVWCGGEVLTPGLFARFRKQLTTTLYHGYGPAEATIGVSH
arg	Q8RTG4_m1	KGVMNIHRGICNTLTYAIGHYNINSEDRILQITSLSFDVSVWEVFLSLISGASLVVAKPDGYKDIDYLIDLIVQEQVTCFTCVPSILRVFLQHPKSKDCHCLKRVIVGGEALSYELNQRFFQQLNCELYNAYGPTEVAVETTI
cys	P19828_m1	KGVVISHQGALNTCIAINRRYQIGKNDRVLALSALHFDLSVYDIFGLLSAGGTIVLVSELERRDPIAWCQAIEEHNVTMWNSVPALFDMLLTYATCFNSIAPSKLRLTMLSGDWIGLDLPQRYRNYRVDGQFIAMGGATEASIWSNV
alaninol	Q9RLP6_m4	KGVAITHGNVTQVLDTLPAELPAGPGAVWSQWHSLVFDVSVWEIWGALLHGGRLVIVPESIAGSPDDLHALLVSEGVNVLYQTPSAVRMMSPEGLEGTALVVAGEACPTEVVDRWAVDRVMINAYGPTESTIYAAI
hpg	Q7WZ74_m1	KGVAVSHGNVAALAGEPGWGLGPEDAVLMHASHAFDISLFELWVPLLSGARVVLAEPGAVDGEALAGYVAGGVTCAHLTAGTFRVLAEESPESVAGLREVLTGGDAVPLAAVERVRRACPDVRVRHLYGPTEATLCATW
ser	Q9Z4X6_m1	KGVVISHRAIVNRLAWMQDTYGLEPSDRVLQKTPSGFDVSVWEFFWPLVQGATLVVARPGGHTDPAYLAGTVRREGVTTLHFVPSMLDVFLREPAAAALGGATPVRRVFCSGEALPAELRARFRAVSDVPLHNLYGPTEAAVDVTY
leu	O66070_m3	KGVMVEHRSLVNLCYWHNDAFKVTEHDKSAKYAGFGFDASVWEMFPYWIAGAELHIIDEAIRMDITRLNQYFEENKITITFLPTQLCEQFMELDNQSLRVLLTGGDKLKRIAKRSYTLVNNYGPTENTVVATS
ser	Q8NJX1_m10	KGIVMQHGALCTNQAALSGWLGFDHTVRMLQFSSFVFDVSVGEIVQALMNGACVCVPSEHMRLNSLDSFVRDFNVTWAYLTPSFTRTLKPKDFPSLKLLLLAGEPTTQDVLDTWFGLPNTRFINAWGPAETCVYNTL
tyr	O87704_m1	KGVLVDHQGIANTLQWRREEYGMSEGDTALHLFSYVFDGCVTSLFTPLLSGACVLLTTDNEAKDVLALRRKIAQYKVSHMLIVPSLYRVLLEVLTAEDAKSLRIVTFAGEAVTPDLLETSRKICPSAELANEYGPTENSVATTI
dhb	Q8FK18_m1	KLIPRTHNDYYYSVRRSVEICQFTQQTRYLCAIPaAHNYAMSSPGSLGVFLAGGTVVLAADPSATFCFPLIEKHQVNVTALVPPAVSLWLQALAGGESRAQLASLKLLQVGGARLSATLAARIPAEIGCQLQQVFGMAEGLVNYTR
hpg	Q70AZ7_m2	KGVAVPHGSVAALAGDPGWSVGPGDGVLMHAPHAFDASLLEIWVPLLSGAHVVVADPGAVDAQRLREAIDRGVTTVHLTAGSFRVLAEESPDAFRGLREVLTGGDAVPLASVVRLRETCPEIRVRHLYGPTETTLCATW
thr	Q9K5M2_m2	KGVLVNHHHVTRLFAATNSWYKFNSQDVWTMFHSYAFDFSVWEIWGALLYGGRLVVVPYLLTRSPESFYKLLSQEQVTILNQTPSAFRQLIQAEQSIGMSNLNLRLVIFGGEALELESLQPWFERHGDQKPQLVNMYGITETTVHVTY
asn	O30409_m1	KGAMITHQGLVNYIWWANKVYVQGEAVDFPLYSSISFDLTVTSIFTPLLSGNTIHVYRGADKVQVILDIIKDNKVGIIKLTPTHLKLIEHIDGKASSIRRFIVGGENLPTKLAKQIYDHFGENVQIFNEYGPTETVVGCMI
leu	Q9RAH4_m4	KGVLIAHQGLLNLVFWHQNTFKITTLDKATQLAGTAFDAAVWELWPYLTAGASIYLVKSEFLSSLVKLRDWLISKKITISFLPTPLAQELLSLEWPTESLALRTILTGGDKLHQYPSDLVPSQLVNNYGPTENTVVTTS
ala	Q9RLP6_m3	KAVAVTHHNVTQLVSALHADLPSGPGQVWSQWHSLVFDVSVWEIWGALLHGGRLVVVPESVGSSPDDLHNLLITEKVSVLCQTPSAAGMLSPEGLESTTLIVAGEACPTELVDRWAPGRVMINAYGPTEATIYAAM
orn	Q9RK14_m3	KGVVTEYAGLTNMLVNHRRRIFEPVLARHGHRTFRVAHTVSFAFDMSWEELLWLADGHEVHVCDEELRRDAPRLVAYCLEHGIDVVNVTPTYAQQLLAEGLLDDPARRPALVLLGGEAVTPALWTRLAATEGTVGYNLYGPTEYTINTLG
his	O68008_m3	KGVMVNHQSIVNTLYWRKQSYGYSTADATLQVPSFSFDSSVEDIFTTLISGAKLVLIRDLRMNPREIIGVLRTHKATNLLAVPSFYLNLLDTIEQPLDDLRFVTVAGEGFNESLIRQHFEKLPNVKLFNEYGPTENSVCSTR
leu	Q45675_m3	KGVMVEHHALVNLCFWHHDAFSMTAEDRSAKYAGFGFDASIWEMFPTWTIGAELHVIDEAIRLDIVRLNDYFETNGVTITFLPTQLAEQFMELENTSLRVLLTGGDKLKRAVKKPYTLVNNYGPTENTVVATS
D-lyserg	Q8J0L6_m1	KGVVNSHSSFLAAMPVYLKALELDNNSRVFQFASYAFDVTIFDALMTLVAGGCVCVLSNADRSSDLTSAIQHFGTTHLSVTPTVARILDPQDFPSLKTIVLGGELSASDELLKWVNNVRVIRLYGASECTVMSIQ
hpg	Q8KLL3_m1	KGVAVPHRSVAELAGNPGWAVKPGDAILMHAPHAFDASLFEIWVPLVSGARVVIAEPGAVDARRLREAIAAGVTKVHLTAGSFRALAEESSESFAGLQEVLTGGDVVPAHAVEKVRKAVPQARIRHLYGPTETTLCATW
glu	P39847_m1	KGVAVEHRQAVSFLTGMQHQFRLSEDDIVMVKTSFSFDASVWQLFWWALSGASAYLLPPGWEKDSALIVQAIHQENVTTAHFIPAMLNSFLDQAEIERLSDRTSLKRVFAGGEPLAPRTAARFASVLPQVSLIHGYGPTEATVDAAF
leu	Q84BQ5_m2	KGVMVEHATLENLVHWHAEAFDLQAGSQTASVAGFGFDAMAWEVWPALCVGATLHLPPPSIrNEHLDEMLDWWCAQPLQVSFLPTPVAEYAFSRQLQHPTLRTLLIGGDRLRQFSRQQTFEVINNYGPTEATVVATS
ile	O66071_m1	KGNLTTHANITRVVKETNYISLSEKDTLLSLSNYAFDGFTFDVYGALLNGAKLVVADQATILHIGKLTETIQKENITVMFVTTALFNLLVDAGTEWMKGIRKVLFGGERSSVSHVKKAFAAMGPDRIIHVYGPTETTVFATF
ala	Q9CG49_m1	KGVEVSHDNLVTFTNWMNNDFMKIENNQILSQALYSFDLSIFSLYPSLTTGGTLISLSRDETTNFKLLFERLNKTVINTWISTPSFVDICLLDPSFTEKEHPQLVQFILCGEELTKKTAEKLLTAFPSANIYNTYGPTEATGAISS
asp	Q9Z4X6_m4	KGVVIEHHALATYLHRARNTYTAMTGVTVLHSPLAFDLTITALWTPLTSGGTVHLTSLEESDTQPSLIKATPSHLPLLTTLPETASPSHTLILGGEALHTDHLVTWRTQHPGVQIINAYGPTESTVNITD
asp	Q9Z4X5_m1	KGVVIEHHALATYLHRARNTYTAMTGVTVLHSPLAFDLTITALWTPLTAGGTVHLTSLEEAEVQPSLIKATPSHLPLLTNLAATASPSHTLILGGEALHTDQLTDWRTQHPGAQIINAYGPTESTVNITD
val	Q8NJX1_m14	KGVVIEHGALCSSQTSYVRRLGHAPGVRMLQFSSFVFDASIAEIFAPLISGACVCIPSwETQMNSLTGYICKENVTWALLTPSFARTMDPLEVPCLEILILGGEAVSRDVFELWFGKVRLFNAWGPTESCVFGSL
leu	Q45295_m3	KGVMVEHRSLVNLCYWHNDAFKVTEQDKSAKYAGFGFDASVWEMFPYWIAGAELHIIDESIRMDITRLNQYFEENTITITFLPTQLCEQFMELDNQSLRVLLTGGDKLKRIAQRSYTLVNNYGPTENTVVATS
leu	O69246_m3	KGVMVEHRSLVNLCYWHNDAFKVTEHDKSAKYAGFGFDASVWEMFPYWIAGAELHIIDEAIRMDITRLNQYFEENKITITFLPTQLCEQFMELDNQSLRVLLTGGDKLKRIAKRSYTLVNNYGPTENTVVATS
glu	Q9I157_m1	KGVGNTHAALAERLQWMQATYTLDGDDVLMQKAPVSFDVSVWECFWPLVTGCRLVLAAPGEHRDPARLVELVRQFGVTTLHFVPPLLQLFIDEPGVAACGSLRRLFSGGEALPAELRNRVLQRLPAVALHNRYGPTETAINVTH
val	Q9FDB3_m3	KGVLVPHRAISRLVINNGYADFNAQDRVAFASNPAFDASTLDVWAPLLNGGCVVVIGQHDLLSPLNFQRLLLEQSVSVLWMTAGLFHQYATGLGEAFSRLRYLIVGGDVLDPAVIARVLANNAPQHLLNGYGPTEATTFSAT
hpg	Q9Z4X6_m6	KGVAVTHRGVVDLVRDHCWRPGVHERVLLHAPHAFDVSCYEMWVPLVSGGTVVVAPPGHLDPAAITDLITAHDITAIHLTAGFFRVVAEEAPECFAGVREVLTGGDVVSPAAVARVLAHHPRIVLRHLYGPTETTLCVTQ
glu	O68006_m4	KGVMIEHHSVNNLVHGLNERIYQHLDAHLNVALVAPYIFDASVKQIFAALLFGHTLCIVPRETAWDAMSLIEYYSKNNINVSDMTPAHLNMLAYVDKTELEFDVKELIVGGDALTPDVIGGLFHKFPNLSCNITNVYGPTECCVDAAS
ala	Q83VS0_m2	KGVMIEHRNTVNFLTWAHSAFDASALEKTLFSTSLNFDLAVYECFAPLTSGGSIEVVKNVLELQHGEHDIGLINTVPSALKALLEVNGLPESVHTVNVAGEALKQSLVESLFENTGVQRLCNLYGPSETTTYSSW
arg	Q9RNA9_m1	KGVMNIHQGICNTLKYNIDNYNLNSEDRILQITPFSFDVSVWEVFSSLTSGATLVVTKPDGYKDIDYLIDLIVQEQVTCFTCVPSILRVFLQHPKSKDCHCLKRVIVGGEALSYELNQRFFQQLNCELYNAYGPTEVAVDATV
ile	Q9K5L9_m1	KGVVVNHQAVNRLVKNTNYVQLTPDDRVAQAANIAFDAATFEIWGALLNGAKLVMITKSVLLSPQEFAANIRDREVSVLFLTTALFNQLASFVPQAFSSLRYLLFGGEAVDPQWVQEVLEKGAPKQLLHVYGPTENTTFSSW
cys	P94873_m2	KAVLIEHRGVVNLHTSLERLFDLSRDRGDEAVLSFSNYVFDHFVEQMTDALLSGQTLVMLDDSMRSDQQRLYAYMNANAVTYLSGTPSVLSLYEYGSIPSLKRIDAIGEDFTTPVFDKIRSSFGGLIINGYGPTEISITSHK
ala	O94205_m1	KGIIMEHASFSACALSSMEPLHIGPQDRVLHFASYAFDLSLFEILAPLIAGATVVIPSEKARLENLPCAMTDLGATWAFLTPTVARLYRPTQMPTLKTLCLGGEAVNASDIKSWSSKNLISGYNPAECCPLGIS
ser	O85168_m2	KGVMNEHLGVVNRLLWARDAYQVNSQDRVLQKTPFGFDVSVWEFFLPLLTGAELVMARPSGHQDPDYLAQVISDAGITLLHFVPSMLDVFLEHRSTRDFPQLRRVLCSGEALPRALQRRFEQHLKGVELHNLYGPTEAAIDVTA
hpg	O52820_m1	KGVAVSHGNVAALVGEPGWGVGPDDAVLMHASHAFDISLFEMWVPLLSGARLVLAGSGAVDGEALAGYVAGGVTAAHLTAGAFRVLADESPESVVGLREVLTGGDAVPLAAVERVRRTCPDVRVRHLYGPTEATLCATW
ala	P35854_m1	KGVQISHDNLLSYVNWNISDFGLEEGVVAMSQPPYSFDLSVMDLYPTLVLGGTLKALPKEVTDNFKELFATLPKLGLNEWVSTPSFVEIALLDPNFKQENYPNLTHFLFCGEELVNKTAQALITRFPKATVYNTYGPTEATVAVTG
gly	Q09164_m7	KGVMIDHRSIIRLVKNSDVVATLPTPVRMANVSNLAFDISVQEIYTALLNGGTLVCLDYLTLLDSKILYNVFVEAQVNAAMFTPVLLKQCLGNMPAIISRLSVLFNVGDRLDAHDAVAASGLIQDAVYNAYGPTENGMQSTM
iva	Q8NJX1_m5	KGFVIEHKAVCTSQTAITNRLGLHRGVRMLQFASYVFDLSVGEICCTLICGACLVIPSDEVRLNNLAKFMREKDINWAWFTPSFIRTLEPADVPKLELVLLCGEASDKKILEIWVGKVQLFNGWGPAETCVFSSL
val	Q83VS1_m3	KGVLVPHRAISRLVINNGYADFNAQDRVAFASNPAFDASTLDVWAPLLNGGCVVVIGQHDLLSPLNFQRLLLEQSVTVLWMTAGLFHQYASGLGEAFSRLRYLIVGGDVLDPAVIARVLANNAPQHLLNGYGPTEATTFSAT
dhb	Q9EZ79_m1	KLIPRTHNDYDYSVRASAEICALTPQTRFLCALPtAHNYPMSSPARSAFSMRAAVSHGPNPEPLNCFFIIERHGVNMVALVPPAVALWSQAAPDHWQALSSLKLVQVGGASFAEALARQVPQVLGCKLQQVFGMAEGLVNYTR
gly	Q9RAH2_m2	KGVQVSHNCVVNFLASMSHCPGLTDSDTFCAVTTISFDIAALELYLPLIVGAKVVVVGREVASDGARLLLELQHSSTTVMQATPATWQMLVASGLSTQQLGMKLLCGGEALPPQLAHQLLETGAQVWNLYGPTETTIWSSI
LEU	Q84BQ4_m1	KGVMVEHHTLSNLVDWHCTAFDLCAGRHTSSLAGFGFDAMAWEVWPALCAGATLHLAPTHEGGEDIDALLAWWCAQPLDVSFLPTPVAEYAFSQNLEHPTLRTLLIGGDRLRQFNRNQHFDVINNYGPTEATVVATS
ile	Q84BQ4_m4	KGVMVPHRAIGRLVLNNGYADFNAQDRVVFASNPAFDASTMDIWGPLLNGGRVVVIDHQTLLDPNAFGHELSASRATVLFVTTALFNQYVQLIPQALKGLRILLCGGERGDPAAFRRLLAEAPKLRIVHCYGPTETTTYATT
phe	P09095_m1	KGTMLEHKGIANLQSFFQNSFGVTEQDRIGLFASMSFDASVWEMFMALLSGASLYILSKQTIHDFAAFEHYLSENELTIITLPPTYLTHLTPERITSLRIMITAGSASSAPLVNKWKDKLRYINAYGPTETSICATI
cys	P19787_m2	KGVTVEHHGVVNLQVSLSKVFGLRDTDDEVILSFSNYVFDHFVEQMTDAILNGQTLLVLNDGMRGDKERLYRYIEKNRVTYLSGTPSVVSMYEFSRFKDHLRRVDCVGEAFSEPVFDKIRETFHGLVINGYGPTEVSITTHK
val	O30409_m4	KGVMVEHRNVTRLVMHTNYVQVRESDRMIQTGAIGFDAMTFEIFGALLHGASLYLVSKDVLLDAEKLGDFLRTNQITTMWLTSPLFNQLSQDNPAMFDSLRALIVGGEALSPKHINRVKSALPDLEIWNGYGPTENTTFSTC
asn	Q939Z1_m3	KAVVVTHRNLTNYLLHCGRMYPGLRGRSVLHSSIAFDLTVTATFTPLIVGGEIHVGALEDLIGVVEAAPSIFLKATPSHLLTLDTASRGSAGSGDLLLGGEQLPADTVVQWRRKYPNIVVVNEYGPTEATVGCVE
ala	Q01886_m2	KGAVATHQAYATGIYEHAVACGMTSLGAPPRSLQFASYSFDASIGDIFTTLAVGGCLCIPREEDRNPAGITTFINRYGVTWAGITPSLALHLDPDAVPTLKALCVAGEPLSMSVVTVWSKRLNLINMYGPTEATVACIA
val	O68487_m2	KGVIATHRNITALALDPRFDPTAHRRVLLHSPTAFDASTYEIWVPLLNGNTVVLAPTGDLDVHTYHRVITDQQITAVFLTTALFNLLTEHDPACLAGVREVWTGGEAVSAFSVRRVQEACPSVVVVDVYGPTETTTFATH
valhyphaa	Q00869_m2	KGVMIEHRAIVRLVKSDNFPGFPSPARMSNVFNPAFDGAIWEINWMLLNGGTVVCIDYLTTLDGKELAAVFAKERVNAAFFAPAMLKLYLVDAREALKNLDFLIVGGERFDTKEAVEAMPLVRGKIANIYGPTEAGIISTC
phg	O07944_m4	KGIGITHRDAIALAADRCWDLDTGSRVLMHSPYAFDISTFELFAPLLAGGRIVVAPRGDIDAAVLQRTLAAHGVTSLLLTAGLLGVIADEAPEVFTGVKDVWTGGDVVSPTAVRRVLEACPGTVVKTLYGPTETTLGCTW
orn	O87314_m1	KGVLTGYAGLTNMYFNHREAIFAPTVARAGSAEQLRIAHTVSFSFDMSWEELFWLVEGHQVHVCDEELRRDAPALVAYCHRHRIDVINVTPTYAHHLFDAGLLDDGAHTPPLVLLGGEAVGDGVWSALRDHPDSAGYNLYGPTEYTINTLG
ala	Q99ZA6_m1	KGVQISHDNLLSFTNWMIEDAAFDVPKQPQMLAQPPYSFDLSVMYWAPTLALGGTLFALPKELVADFKQLFTTIAQLPVGIWTSTPSFADMAMLSDDFCQAKMPALTHFYFDGEELTVSTARKLFERFPSAKIINAYGPTEATVALSA
val	Q04747_m1	KGVMIEHKSILRLVKNAGYVPVTEEDAMAQTGAVSFDAGTFEVFGALLNGAALYPVKKRHVLDAKQFAAFLREQSITTMWLTSPLFNQLAAKDAGMFGTLRHLIIGGDALVPHIVSKVKQASPSLSLWNGYGPTENTTFSTS
ser	Q84BQ5_m4	KGVINEHSGVVNRLLWMQDAYQLTSSDTVLQKTPFSFDVSVWEFFWPLMTGARLVMARPEGHKDPQYLSEIIEREQITTLHFVPSMLDVFLAHADTARCSSLRQVMCSGEALPGSVVRRFKQQLPASQLHNLYGPTEAAVDVTA
ile	O68008_m1	KGVVTPHYSAARVVKNTNYIDITEDDAILQLSNYSFDGSVFDIFGALLNGASLVLIEKETVLNTHELAEVIKKEQVSVMFITTALFNTLADINIGCLAKLRKIFLGGERASIPHVRKVLNHVGRDKLIHVYGPTESTVYATY
tyr	Q9R9J0_m1	KGVMVEHGGIVNSLQWKKAFFKHSAEDRVLVLYPYVFDAFILNFFGPLISGAALYLLPNEDNKDLFAIQNVLKLERITHFSTSPRLLQAMTEQMNAEDFYHVQHVVVGGEKLEPDTVERLFSLQPQIRINNEYGPTENSVVSTF
gly	Q8PFQ6_m1	KGVEISHRNLFNFLHAMEHELALRPRDRVLAVTTITFDIAGLELYLPLLVGARVVIAPAGISHDPRGLSRLIADEHISVVQATPSLWRILLANEDLVLDRIHALIGGEALVPELATQLLSRVGRLTQLYGPTETTIWSTI
aad	P27742_m1	KGILKQHTNVVNSITDLSARYGVTGDHHEAILLFSAYVFEPFVRQMLMALVNGHLLAMVDDAEKYDAEKLIPFIREHKITYLNGTASVLQEYDFSSCPSLKRLILVGENLTESRYLALRRHFKNCILNEYGFTESAFVTAL
val	P27743_m3	KAVLVSHGSVDSFRAQLSGRYFGSPDESAEAVLFLANYVFDFSVEQLALSVLGGHKLLVPPPSAADDPAFYELANREGLSYLSGTPTQVERFDLARLSHLRCVLVAGEAFQPQHFEKMRGEFAGPILNAYGTTETTVYNTV
ala	Q83VS1_m1	KGVMIEHRNTVNFLTWAHTAFDGSALEKTLFSTSLNFDLAVYECFAPLTSGGSIEVVKNVLELQHGEHDIGLINTVPSALKALLEVNGLPESVHTVNVAGEALKQSLVESLFENTGVQRLCNLYGPSETTTYSSW
gly	Q50858_m1	KGVMVSHGALANFLTTMAREPGLRAEDVLAAVTTFSFDIAALELYLPLVQGARVVMATREQAADGRALSGVLARHGVTVMQATPATWRMLADAGGAPGTGFTVLCGGEALPQDLADALTANGARVWNLYGPTETTVWSCR
ala	Q8K744_m1	KGVQISHDNLLSFTNWMIEDAAFDVPKQPQMLAQPPYSFDLSVMYWAPTLALGGTLFALPKELVADFKQLFTTIAQLPVGIWTSTPSFADMAMLSDDFCQAKMPALTHFYFDGEELTVSTARKLFERFPSAKIINAYGPTEATVALSA
dhb	Q840D1_m1	KLIPRTHDDYLYSVRESAKICELNQTSRLLMVLPaAHNFSMSSAGSLGIFYAGGAVVLGTDPSPETAFPLIKKHGVTDACLVPALVRPWMDKAAKDQDSILSTLRCLQVGGARLPDAAALRLIDEFKVSLQQVFGMAEGLVNYTR
cys	Q9RFM8_m1	KGVEVSHAAAINTIDALLDLLRVDAADRLLAVSALDFDLSVFDLFGGLGAGASLVLPAQEQARDAAAWAEAIQRHAVSLWNSAPALLEMALSLPASQADYRSLRAVLLSGDWVALDLPGRLRPRCAEGCRLHVLGGATEAGIWSNL
ala	Q9FDB3_m5	KGVMIEHRNTVNFLTWAHAAFDAGTNNSALEKTLFSTSLNFDLAVYECFAPLTSGGSIEVVRNVLELQHLDDDIRLINTVPSALKALLETDGLPKSVHTVNVAGEALKRSLVEALFEQTGVQRLCNLYGPSETTTYSSW
val	Q09164_m9	KGVMVEHRGITRLVKNSNVVAKQPAAAAIAHLSNIAFDASSWEIYAPLLNGGTVVCIDYYTTIDIKALEAVFKQHHIRGAMLPPALLKQCLVSAPTMISSLEILFAAGDRLSSQDAILARRAVGSGVYNAYGPTENTVLSTI
cys	O85739_m1	KGVEVSHAAAINTIDALLDLLRVNASDRLLAVSALDFDLSVFDLFGGLGAGASLVLPAQEQARDAAAWAEAIQRHAVSLWNSAPALLEMALSLPASQADYRSLRAVLLSGDWVALDLPGRLRPRCAEGCRLHVLGGATEAGIWSNL
val	P39847_m2	KGVMIEQRSVIRLVKNSNYITFTPEDRLLMTSSIGFDVGSFEIFGPLLNGAALHLSDQQTFLDSHQLKRYIEHQGITTIWLTSSLFNHLTEQNEQTFSQLKHLIIGGEALSPSHVNRIRNVCPEVSIWNGYGPTENTTFSTC
pro	O30408_m1	KGVMLEHRNMANLMHFTFDQTNIAFHEKVLQYTTCSFDVCYQEIFSTLLSGGQLYLITNELRRHVEKLFAFIQEKQISILSLPVSFLKFIFNEQDYAQSFPRCVKHIITAGEQLVVTHELQKYLRQHRVFLHNHYGPSETHVVTTC
hpg	Q70AZ9_m1	KGVAVPHRSVAELAGNPGWAVEPGDAVLMHAPYAFDASLFEIWVPLVSGGRVVIAEPGPVDARRLREAISSGVTRAHLTAGSFRAVAEESPESFAGLREVLTGGDVVPAHAVARVRSACPRVRIRHLYGPTETTLCATW
ala	P0A398_m1	KGVQISHDNLLSFTNWMITDKEFATPSRPQMLAQPPYSFDLSVMYWAPTLALGGTLFTLPSVITQDFKQLFAAIFSLPIAIWTSTPSFADMAMLSEYFNSEKMPGITHFYFDGEELTVKTAQKLRERFPNARIINAYGPTEATVALSA
thr	Q52400_m1	KGVQVSHGNVSRLLESTQRAYGFNAQDVWSMFHSIGFDFSVWEIWGALAHGGQVAVVPYDISRSPAALRQWLADQRITVLSQTPSAFRGLDEADRGNTAPLALRYVVLGGEALPASVLRPWVERHGDQKPALINMYGITEATVHTTF
thr	Q884E4_m1	KGTLLAHHNLMRLFAATDDWFKFNEKDVWTLFHSFAFDFSVWEIFGALLHGGRLVIVPREVTRSPEEFHALLVDQQVTVLNQTPSAFKQLMRVACDSPVPMSLQKVIFGGEALDVASLKPWFARFGDQMPRLINMYGITETTVHVTY
leu	Q09164_m10	KGVMVEHRGVISLVKQNASRIPQSLRMAHVSNLAFDASVWEIFTTLLNGGTLFCISYFTVLDSKALSAAFSDHRINITLLPPALLKQCLADAPSVLSSLESLYIGGDRLDGADATKVKDLVKGKAYNAYGPTENSVMSTI
ala	Q83VS0_m7	KGVMIEHRNTVNFLTWAHSAFDASALEKTLFSTSLNFDLAVYECFAPLTSGGSIEVVKNVLELQHGEHDIGLINTVPSALKALLDVDGLPRSVHTVNVAGEALKQSLVESLFENTGVQRLCNLYGPSETTTYSSW
iva	Q8NJX1_m9	KGLIMEHGSVCTSQVAIAKRLGLNSKVRILQFAAFVFDLSIGEIVGPLISGACICVPSEHIRKNSIANFINRQGITWTYLTPSFVRTIKASEVPNVKLLLLAGEAVPRDIFATWFGKLRLINGWGPAETCCFSTL
ser	Q83VS0_m6	KGVMNEHLGVVNRLLWARDAYQVNSQDRVLQKTPFGFDVSVWEFFLPLLTGAELVMARPGGHQDPDYLAQVMSDAGITLLHFVPSMLDVFLEHRSTRDFPQLRRVLCSGEALPRALQRRFEQQLKGVELHNLYGPTEAAIDVTA
dhpg	Q70AZ6_m1	KGVAVPHGAVAGLAGDAGWRIGPGDGVLMHATHVFDPSLYEMWVPLATGGRVLVAAPGVVDAGGIRQAVARGATAVHLTAGTFRALAEASPDCFAGLREVGTGGDVVPAHTVAHLRRAQPQLRVRNTYGPTETTLCATW
phe	O30408_m3	KGVMLEHKGVANLQAVFAHHLGVTPQDRAGHFASISFDASVWDMFGPLLSGATLYVLSRDVINDFQRFAEYVRDNAITFLTLPPTYAIYLEPEQVPSLRTLITAGSASSVALVDKWKEKVTYVNGYGPTESTVCATL
LEU	Q8GAQ6_m1	KGVLIKHGSVIDFFEGTREFYDVDEDSRCVSFSPFHFDASVIDILFPLYQGAWLYLYSDVVLHELLFEVIKNNSVTHFAAFGSMLGLIAQTKEFDDVILKDLKTILTGADVPDIKVIQKWLGKGENIKIINGYGPTEGTCACAA
ala	Q9S1A9_m2	KGVVIEHHSTTTLLNWSKEVFSSEELAGVLGSTSICFDLSVFELFLPLAVGGKIILAQNVLDLPSLSAAKEVTLINTVPTAIAQLLEIEAIPETVQTVNFAGEALSNQLVQKLYQQENIKNVYNLYGPSEDTTYSTF
aad	P26046_m1	KGIFKQHTNVVNSITDLSARYGVAGQHHEAILLFSACVFEPFVRQTLMALVNGHLLAVINDVEKYDADTLLPFIRRHSITYLNGTASVLQEYDFSDCPSLNRIILVGENLTEARYLALRQRFKNRILNEYGFTESAFVTAL
pip	P95819_m1	KLIPRTHDDYAYQCRVTAGICGLDADSVYLAVLPaEFNFPFGCPGILGTLHAGGRVVFALSPQPEECFALIEREHVTFTSVIPTIVHLWLAAAAQGHGRDLGSLQLLQVGSAKLHEELAARIGPELGVRLQQVFGMAEGLLTFTR
dab	Q83VS0_m11	KGVMIEHRGLVNYSVDAARLFALSQSDTVLQQNTLNFDLSVEEIFPALLAGATLAPSREIFGSEGTENHGIypTVLHLTAAHWHTLVAEWHNQPQAAAQRLAEVRLINVTGDALSAQKLKLWDEVRPAHTRLINTYGPTEATVSCTA
phe	O85168_m6	KGVIVTHNGIVRLVQDNGYYDFSAEDRVAFSSNPAFDASTPEIWGALLNGCQSVIIEPQVLLEPVAFAALLKRHGVTAMISSTALFNLYAGLIPEALAGLRMIMCGGERADPASFRRVREHSAQVRLFNGYGPTEGTTCATS
thr	Q54959_m1	KGVVIPHSNVVRLFTSTDHWFGFGPDDVWTLFHSYAFDFSVWEIWGALLHGGRLVVVPYHVSRSPGDFLDLLAREKVTVLNQTPTAFHQLDAADRARTAAPELALRYVVFGGEALDVARLADWYARRGTAARLVNMYGITETTVHVTH
gly	Q9Z5F4_m1	KGVMIPHRGVVNFLLCMRRTLGLKRTDSLLAVTTYCFDIAALELLLPLCAGAQVIIASAETVRDAQALKRALRTHRPTLMQATPATWTLLFQSGWENAERVRILCGGEALPESLKAHFVRTASDVWNMFGPTETTIWSTM
tyr	O30980_m3	KGVMVEHKGIANTLQWRRNAYTLNETDTVLQLFSFSFDGFLTSMFTPLLSGAKTVLPDENEAKDILSIKHDLSHHRITHMIIVPVLYRALLDVIQPEDAKTLRVVTLAGEAADRELIDRSMAICPNTELANEYGPTENSVATTA
3-me-glu	Q8CJX2_m1	KGVVVEHRALSAFVRHCRSSQAPDISGLSVMQASASFDQSVGSLHAPLISGGCVRLTDLRALAETAGSepgfHRATFMKGTPSHLALLATMPPEVAPSGTLTLGGEELRGEILAPWREAAGDVTVVNVYGPTEATGHCLE
ala	P59591_m1	KGVQISHDNLLSFTNWMISDDEFSVPERPQMLAQPPYSFDLSVMYWAPTLAMGGTLFALPKTVVNDFKKLFATINELPIQVWTSTPSFADMALLSNDFNSETLPQLTHFYFDGEELTVKTAQKLRQRFPKARIVNAYGPTEATVALSA
ala	Q8NJX1_m3	KGIVMEHGSLCTSQRDIAKRLGLKSNVRMLQFSSFVFDVSVGEIMLSLMHGACVCIPSDHDRLNNLGGFIRDAEVTWAFLTPSFARTLCPQDVPNLELIVLAGEPVSQDVFDLWFGKTRLVNGWGPAETCVLSAI
dhb	Q8CV01_m1	KLIPRTHDEYIYSLRKSVEICRISQDTNFLAVLPvAHNFTMSSPGVFGVIYAGGKIILSKYPSPDVAFPLIEKEKVDFTSLVPPLAIVWLQAQKRTKADLRSLEVIQVGGAKCSVEVAKQIGPAFHCKLQQVFGMAEGLVNYTR
leu	O30409_m6	KGVMIPHQGIVNCLQWRRDEYGFGPSDKALQVFSFAFDGFVASLFAPLLGGATCVLPQEAAAKDPVALKKLMAATEVTHYYGVPSLFQAILDCSTTTDFNQLRCVTLGGEKLPVQLVQKTKEKHPAIEINNEYGPTENSVVTTI
dpg	Q7WZ65_m1	KGVAIPHGGVAALAGDPGWGVGPGDAVLMHAPHTFDASLYDVWVPLVSGARVMITEPGVVDAERLAGHVADGLTAVNFTAGHFRALAQESPESFSGLREVAAGGDVVPLDVVERVRRACPRLRVWHTYGPTETTLCATW
leu	Q09164_m2	KGVMIEHRGVLRLVKQTNILSSLPPAQTFRMAHMSNLAFDASIWEVFTALLNGGSLVCIDRFTILDAQALEALFLREHINIALFPPALLKQCLTDAAATIKSLDLLYVGGDRLDTADAALAKALVKSEVYNAYGPTENTVMSTL
glu	Q7WRI6_m1	KGVMGRHISILNVIRSLRLTFNLNKHPEWRYIFTAPVTHDPSFRNIFLPLTIGAALYMYEVQHIGHLVSFLQENKINVLHTTPSIYREILAVLAPEETIPTLKYISCGGEKLDRETAIALRKRFPAEIVsNVYGSTETCVGVSQ
pro	O94205_m3	KGAIVEHASLSTAAKYMASRLHIDSASRVLQFSSHAWDIPVTEVLVTLRMGGCVCVPSEEERTGNLAKASERMKVNWALWTPTVARLFKPEEFPHLKTLVFAGEALSATDLETWCDRVRLVQGYGPAECSLISTV
ala	Q9RNB1_m2	KGVVIEHHSTTTLLNWSKEVFSSEELAGVLGSTSICFDLSVFELFLPLAVGGKIILAQNVLDLPSLSAAKEVTLINTVPTAIAQLLEIEAIPETVRTVNLAGEALSNQLVQKLYQQENIKNVYNLYGPSEDTTYSTF
val	Q9C1G0_m3	KGVLVEHSSVAKLRDSLVGRYFGDTNGSHAVLFLSNYVFDFSLEQLCLSIFSGNKLVIPPEEGLTHEFFYAVAEAEKLSYISGTPSTLQQIQLSRLNHLQMVTAAGEEFHSSHYDSMRGQFKGPINNAYGITETSVYNIV
arg	Q93LR1_m1	KGVMNIHRGICNTLTYAIGHYNITSEDRILQITSLSFDVSVWEVFSSLISGASLVVAKPDGYKDIDYLIDLIVQEQVTCFTCVPSILRVFLQHPKSKDCHCLKRVIVGGEALSYELNQRFFQQLNCELYNAYGPTEVAVETTI
